ticket,strategy,symbol,type,volume,profit,open_price,close_price,open_time,close_time,comment,raw_magic,canonical_magic,build_id
57330941329,MICRO,XAUUSD,BUY,0.02,-20.02,4096.07,4096.07,2026-07-27T09:11:39+00:00,2026-07-27T09:11:39+00:00,[sl 4096.07],5001,5001,FER3ON-FINAL-build1
57330947632,SMC,XAUUSD,BUY,0.01,-10.0,4096.28,4096.28,2026-07-27T09:12:03+00:00,2026-07-27T09:12:03+00:00,[sl 4096.28],4001,4001,FER3ON-FINAL-build1
57331943598,SMC,XAUUSD,BUY,0.02,-20.0,4104.16,4104.16,2026-07-27T10:19:37+00:00,2026-07-27T10:19:37+00:00,[sl 4104.16],4001,4001,FER3ON-FINAL-build1
57334699566,MICRO,XAUUSD,BUY,0.02,10.66,4093.43,4093.43,2026-07-27T13:22:04+00:00,2026-07-27T13:22:04+00:00,[sl 4093.43],5001,5001,FER3ON-FINAL-build1
57334846547,SMC,XAUUSD,BUY,0.01,2.95,4095.81,4095.81,2026-07-27T13:32:33+00:00,2026-07-27T13:32:33+00:00,[sl 4095.81],4001,4001,FER3ON-FINAL-build1
57340220797,SMC,XAUUSD,BUY,0.01,10.34,4073.08,4073.08,2026-07-27T17:47:02+00:00,2026-07-27T17:47:02+00:00,[sl 4073.08],4001,4001,FER3ON-FINAL-build1
57340779135,SMC,XAUUSD,BUY,0.02,-12.72,4078.68,4078.68,2026-07-27T18:16:22+00:00,2026-07-27T18:16:22+00:00,[sl 4078.68],4001,4001,FER3ON-FINAL-build1
57341954952,SMC,XAUUSD,BUY,0.03,-30.21,4085.94,4085.94,2026-07-27T19:25:12+00:00,2026-07-27T19:25:12+00:00,[sl 4085.94],4001,4001,FER3ON-FINAL-build1
57343559118,SMC,XAUUSD,BUY,0.01,6.01,4078.3,4078.3,2026-07-27T21:03:31+00:00,2026-07-27T21:03:31+00:00,[sl 4078.30],4001,4001,FER3ON-FINAL-build1
57345029443,SMC,XAUUSD,BUY,0.01,-16.29,4094.44,4094.44,2026-07-28T01:00:02+00:00,2026-07-28T01:00:02+00:00,[sl 4094.44],4001,4001,FER3ON-FINAL-build1
57346120160,SMC,XAUUSD,BUY,0.01,5.56,4057.8,4057.8,2026-07-28T04:02:13+00:00,2026-07-28T04:02:13+00:00,[sl 4057.80],4001,4001,FER3ON-FINAL-build1
57346913291,SMC,XAUUSD,BUY,0.01,7.62,4049.14,4049.14,2026-07-28T05:20:34+00:00,2026-07-28T05:20:34+00:00,[sl 4049.14],4001,4001,FER3ON-FINAL-build1
57347280054,SMC,XAUUSD,BUY,0.02,7.3,4043.45,4043.45,2026-07-28T06:04:29+00:00,2026-07-28T06:04:29+00:00,[sl 4043.45],4001,4001,FER3ON-FINAL-build1
57350977757,SMC,XAUUSD,BUY,0.01,-10.02,4053.35,4053.35,2026-07-28T11:06:34+00:00,2026-07-28T11:06:34+00:00,[sl 4053.35],4001,4001,FER3ON-FINAL-build1
57354401604,SMC,XAUUSD,BUY,0.03,-30.0,4031.9,4031.9,2026-07-28T14:18:19+00:00,2026-07-28T14:18:19+00:00,[sl 4031.90],4001,4001,FER3ON-FINAL-build1
57358279143,SMC,XAUUSD,BUY,0.01,7.87,4023.03,4023.03,2026-07-28T17:31:11+00:00,2026-07-28T17:31:11+00:00,[sl 4023.03],4001,4001,FER3ON-FINAL-build1
57358746437,SMC,XAUUSD,BUY,0.02,-20.2,4029.96,4029.96,2026-07-28T17:54:21+00:00,2026-07-28T17:54:21+00:00,[sl 4029.96],4001,4001,FER3ON-FINAL-build1
57359334964,SMC,XAUUSD,BUY,0.01,-10.08,4039.1,4039.1,2026-07-28T18:20:18+00:00,2026-07-28T18:20:18+00:00,[sl 4039.10],4001,4001,FER3ON-FINAL-build1
57359945395,SMC,XAUUSD,BUY,0.02,-20.14,4043.12,4043.12,2026-07-28T18:46:50+00:00,2026-07-28T18:46:50+00:00,[sl 4043.12],4001,4001,FER3ON-FINAL-build1
57359945721,MICRO,XAUUSD,BUY,0.02,-19.86,4043.18,4043.18,2026-07-28T18:46:50+00:00,2026-07-28T18:46:50+00:00,[sl 4043.18],5001,5001,FER3ON-FINAL-build1
57411322858,MICRO,XAUUSD,BUY,0.02,-15.24,4076.37,4083.99,2026-07-31T09:16:30+00:00,2026-07-31T09:16:30+00:00,[sl 4083.99],5001,5001,FER3ON-FINAL-build1
57412175730,SMC,XAUUSD,SELL,0.06,-60.12,4084.27,4074.25,2026-07-31T10:26:57+00:00,2026-07-31T10:26:57+00:00,[sl 4074.25],4001,4001,FER3ON-FINAL-build1
57412803083,MICRO,XAUUSD,SELL,0.02,-20.0,4073.33,4063.33,2026-07-31T11:04:26+00:00,2026-07-31T11:04:26+00:00,[sl 4063.33],5001,5001,FER3ON-FINAL-build1
57471511081,SMC,XAUUSD,SELL,0.01,32.31,4128.14,4160.45,2026-08-05T08:45:49+00:00,2026-08-05T08:45:49+00:00,,4001,4001,FER3ON-FINAL-build1
57471544617,MICRO,XAUUSD,SELL,0.02,44.6,4140.36,4162.66,2026-08-05T08:46:51+00:00,2026-08-05T08:46:51+00:00,,5001,5001,FER3ON-FINAL-build1
57471752847,MANUAL,XAUUSD,SELL,0.02,21.18,4160.69,4171.28,2026-08-05T08:52:33+00:00,2026-08-05T08:52:33+00:00,,0,0,FER3ON-FINAL-build1
57471763364,MANUAL,XAUUSD,SELL,0.02,9.64,4163.24,4168.06,2026-08-05T08:53:05+00:00,2026-08-05T08:53:05+00:00,,0,0,FER3ON-FINAL-build1
57475802253,SMC,XAUUSD,SELL,0.02,-33.68,4169.35,4152.51,2026-08-05T13:03:40+00:00,2026-08-05T13:03:40+00:00,[sl 4152.51],4001,4001,FER3ON-FINAL-build1
57476611869,MANUAL,XAUUSD,SELL,0.03,18.36,4153.49,4159.61,2026-08-05T13:57:44+00:00,2026-08-05T13:57:44+00:00,,0,0,FER3ON-FINAL-build1
57477151173,MANUAL,XAUUSD,SELL,0.03,24.27,4162.12,4170.21,2026-08-05T14:23:13+00:00,2026-08-05T14:23:13+00:00,,0,0,FER3ON-FINAL-build1
57478411021,MICRO,XAUUSD,SELL,0.02,62.88,4166.84,4198.28,2026-08-05T15:07:17+00:00,2026-08-05T15:07:17+00:00,,5001,5001,FER3ON-FINAL-build1
57478757540,SMC,XAUUSD,SELL,0.01,34.67,4170.82,4205.49,2026-08-05T15:17:22+00:00,2026-08-05T15:17:22+00:00,,4001,4001,FER3ON-FINAL-build1
57479259580,SMC,XAUUSD,SELL,0.02,65.1,4170.82,4203.37,2026-08-05T15:31:16+00:00,2026-08-05T15:31:16+00:00,[sl 4203.37],4001,4001,FER3ON-FINAL-build1
57479777276,MANUAL,XAUUSD,SELL,0.03,-16.56,4199.14,4193.62,2026-08-05T15:49:42+00:00,2026-08-05T15:49:42+00:00,,0,0,FER3ON-FINAL-build1
57482478640,MICRO,XAUUSD,SELL,0.02,77.5,4196.9,4235.65,2026-08-05T17:20:25+00:00,2026-08-05T17:20:25+00:00,,5001,5001,FER3ON-FINAL-build1
57482478939,SMC,XAUUSD,SELL,0.01,37.17,4199.01,4236.18,2026-08-05T17:20:26+00:00,2026-08-05T17:20:26+00:00,,4001,4001,FER3ON-FINAL-build1
57484259568,SMC,XAUUSD,SELL,0.01,15.78,4236.86,4252.64,2026-08-05T18:18:07+00:00,2026-08-05T18:18:07+00:00,[sl 4252.64],4001,4001,FER3ON-FINAL-build1
57484405613,MANUAL,XAUUSD,SELL,0.02,0.4,4260.21,4260.41,2026-08-05T18:23:14+00:00,2026-08-05T18:23:14+00:00,,0,0,FER3ON-FINAL-build1
57485019062,MANUAL,XAUUSD,SELL,0.01,-6.16,4253.36,4247.2,2026-08-05T18:50:25+00:00,2026-08-05T18:50:25+00:00,,0,0,FER3ON-FINAL-build1
57485066738,MANUAL,XAUUSD,SELL,0.01,-3.27,4246.99,4243.72,2026-08-05T18:52:08+00:00,2026-08-05T18:52:08+00:00,,0,0,FER3ON-FINAL-build1
57485487083,MICRO,XAUUSD,BUY,0.02,24.46,4243.6,4231.37,2026-08-05T19:06:07+00:00,2026-08-05T19:06:07+00:00,[sl 4231.37],5001,5001,FER3ON-FINAL-build1
57485627352,MANUAL,XAUUSD,SELL,0.01,-0.28,4233.07,4232.79,2026-08-05T19:11:35+00:00,2026-08-05T19:11:35+00:00,,0,0,FER3ON-FINAL-build1
57486232420,SMC,XAUUSD,SELL,0.01,10.71,4232.49,4243.2,2026-08-05T19:46:06+00:00,2026-08-05T19:46:06+00:00,[sl 4243.20],4001,4001,FER3ON-FINAL-build1
57487933252,SMC,XAUUSD,SELL,0.01,16.39,4241.59,4257.98,2026-08-05T21:33:17+00:00,2026-08-05T21:33:17+00:00,[sl 4257.98],4001,4001,FER3ON-FINAL-build1
57489872074,MICRO,XAUUSD,SELL,0.02,42.0,4253.03,4274.03,2026-08-06T02:36:42+00:00,2026-08-06T02:36:42+00:00,[sl 4274.03],5001,5001,FER3ON-FINAL-build1
57489995371,SMC,XAUUSD,SELL,0.01,17.57,4257.58,4275.15,2026-08-06T02:45:27+00:00,2026-08-06T02:45:27+00:00,[sl 4275.15],4001,4001,FER3ON-FINAL-build1
57490521607,SMC,XAUUSD,SELL,0.02,1.0,4275.16,4275.66,2026-08-06T03:28:27+00:00,2026-08-06T03:28:27+00:00,[sl 4275.66],4001,4001,FER3ON-FINAL-build1
57493892632,MICRO,XAUUSD,SELL,0.02,-60.12,4280.44,4250.38,2026-08-06T08:30:02+00:00,2026-08-06T08:30:02+00:00,[sl 4250.38],5001,5001,FER3ON-FINAL-build1
57494612339,MANUAL,XAUUSD,SELL,0.02,-11.84,4261.0,4255.08,2026-08-06T09:18:31+00:00,2026-08-06T09:18:31+00:00,,0,0,FER3ON-FINAL-build1
57496375545,MANUAL,XAUUSD,SELL,0.02,13.72,4262.04,4268.9,2026-08-06T11:18:50+00:00,2026-08-06T11:18:50+00:00,,0,0,FER3ON-FINAL-build1
57497706310,MANUAL,XAUUSD,SELL,0.01,0.69,4274.47,4275.16,2026-08-06T12:42:18+00:00,2026-08-06T12:42:18+00:00,,0,0,FER3ON-FINAL-build1
57498215654,MANUAL,XAUUSD,BUY,0.02,13.56,4275.27,4268.49,2026-08-06T13:17:52+00:00,2026-08-06T13:17:52+00:00,,0,0,FER3ON-FINAL-build1
57501717624,MICRO,XAUUSD,BUY,0.01,35.02,4268.84,4233.82,2026-08-06T16:09:29+00:00,2026-08-06T16:09:29+00:00,,5001,5001,FER3ON-FINAL-build1
57502561663,MICRO,XAUUSD,BUY,0.02,-60.38,4233.4,4263.59,2026-08-06T16:38:40+00:00,2026-08-06T16:38:40+00:00,[sl 4263.59],5001,5001,FER3ON-FINAL-build1
57505863623,MICRO,XAUUSD,SELL,0.02,-60.16,4265.29,4235.21,2026-08-06T18:54:53+00:00,2026-08-06T18:54:53+00:00,[sl 4235.21],5001,5001,FER3ON-FINAL-build1
57505867078,SMC,XAUUSD,SELL,0.03,-91.56,4264.85,4234.33,2026-08-06T18:54:56+00:00,2026-08-06T18:54:56+00:00,[sl 4234.33],4001,4001,FER3ON-FINAL-build1
57510077194,MICRO,XAUUSD,SELL,0.02,21.96,4229.32,4240.3,2026-08-07T02:00:05+00:00,2026-08-07T02:00:05+00:00,,0,0,FER3ON-FINAL-build1
57510367853,SMC,XAUUSD,SELL,0.02,30.32,4234.02,4249.18,2026-08-07T03:00:32+00:00,2026-08-07T03:00:32+00:00,[sl 4249.18],4001,4001,FER3ON-FINAL-build1
57510472543,SMC,XAUUSD,SELL,0.02,-10.42,4249.46,4244.25,2026-08-07T03:15:24+00:00,2026-08-07T03:15:24+00:00,,0,0,FER3ON-FINAL-build1
57510563213,SMC,XAUUSD,BUY,0.01,2.2,4244.39,4242.19,2026-08-07T03:27:48+00:00,2026-08-07T03:27:48+00:00,,0,0,FER3ON-FINAL-build1
57511772176,MICRO,XAUUSD,BUY,0.01,-6.41,4241.95,4248.36,2026-08-07T05:46:27+00:00,2026-08-07T05:46:27+00:00,,0,0,FER3ON-FINAL-build1
57512994335,SMC,XAUUSD,BUY,0.01,-30.08,4240.64,4270.72,2026-08-07T08:11:03+00:00,2026-08-07T08:11:03+00:00,[sl 4270.72],4001,4001,FER3ON-FINAL-build1
57513378599,MANUAL,XAUUSD,BUY,0.1,3.3,4272.89,4272.56,2026-08-07T08:41:06+00:00,2026-08-07T08:41:06+00:00,,0,0,FER3ON-FINAL-build1
57513440509,MANUAL,XAUUSD,SELL,0.1,6.7,4273.01,4273.68,2026-08-07T08:47:09+00:00,2026-08-07T08:47:09+00:00,,0,0,FER3ON-FINAL-build1
57513445763,MANUAL,XAUUSD,BUY,0.2,-86.8,4270.93,4275.27,2026-08-07T08:47:38+00:00,2026-08-07T08:47:38+00:00,[sl 4275.27],0,0,FER3ON-FINAL-build1
57513540481,MANUAL,XAUUSD,BUY,0.1,27.2,4278.11,4275.39,2026-08-07T08:53:50+00:00,2026-08-07T08:53:50+00:00,,0,0,FER3ON-FINAL-build1
57513550541,SMC,XAUUSD,BUY,0.01,-7.73,4268.24,4275.97,2026-08-07T08:54:32+00:00,2026-08-07T08:54:32+00:00,,0,0,FER3ON-FINAL-build1
57513552489,MANUAL,XAUUSD,BUY,0.1,-31.8,4273.49,4276.67,2026-08-07T08:54:44+00:00,2026-08-07T08:54:44+00:00,[sl 4276.67],0,0,FER3ON-FINAL-build1
57513605034,MANUAL,XAUUSD,BUY,0.1,-18.4,4278.43,4280.27,2026-08-07T08:57:59+00:00,2026-08-07T08:57:59+00:00,[sl 4280.27],0,0,FER3ON-FINAL-build1
57513684687,MANUAL,XAUUSD,BUY,0.1,-23.8,4278.34,4280.72,2026-08-07T09:04:04+00:00,2026-08-07T09:04:04+00:00,[sl 4280.72],0,0,FER3ON-FINAL-build1
57513860118,MANUAL,XAUUSD,BUY,0.1,-94.8,4281.49,4290.97,2026-08-07T09:12:37+00:00,2026-08-07T09:12:37+00:00,[sl 4290.97],0,0,FER3ON-FINAL-build1
57513950167,MANUAL,XAUUSD,BUY,0.1,-22.0,4286.1,4288.3,2026-08-07T09:18:01+00:00,2026-08-07T09:18:01+00:00,[sl 4288.30],0,0,FER3ON-FINAL-build1
57514158646,MANUAL,XAUUSD,BUY,0.1,7.8,4283.99,4283.21,2026-08-07T09:31:24+00:00,2026-08-07T09:31:24+00:00,,0,0,FER3ON-FINAL-build1
57515058868,MANUAL,XAUUSD,BUY,0.1,51.3,4291.47,4286.34,2026-08-07T10:29:14+00:00,2026-08-07T10:29:14+00:00,,0,0,FER3ON-FINAL-build1
57515879121,MANUAL,XAUUSD,BUY,0.1,2.8,4295.51,4295.23,2026-08-07T11:25:13+00:00,2026-08-07T11:25:13+00:00,,0,0,FER3ON-FINAL-build1
57515954919,MANUAL,XAUUSD,BUY,0.1,-46.9,4293.66,4298.35,2026-08-07T11:31:10+00:00,2026-08-07T11:31:10+00:00,[sl 4298.35],0,0,FER3ON-FINAL-build1
57516029520,MANUAL,XAUUSD,BUY,0.1,-78.2,4299.72,4307.54,2026-08-07T11:33:56+00:00,2026-08-07T11:33:56+00:00,[sl 4307.54],0,0,FER3ON-FINAL-build1
57516035926,SMC,XAUUSD,BUY,0.01,-30.0,4282.02,4312.02,2026-08-07T11:33:57+00:00,2026-08-07T11:33:57+00:00,[sl 4312.02],4001,4001,FER3ON-FINAL-build1
57516035928,MICRO,XAUUSD,BUY,0.02,-60.76,4281.64,4312.02,2026-08-07T11:33:57+00:00,2026-08-07T11:33:57+00:00,[sl 4312.02],5001,5001,FER3ON-FINAL-build1
57516165694,MANUAL,XAUUSD,SELL,0.1,-49.5,4313.45,4308.5,2026-08-07T11:35:54+00:00,2026-08-07T11:35:54+00:00,,0,0,FER3ON-FINAL-build1
57516217510,MANUAL,XAUUSD,BUY,0.1,58.4,4308.25,4302.41,2026-08-07T11:37:47+00:00,2026-08-07T11:37:47+00:00,,0,0,FER3ON-FINAL-build1
57517870680,MANUAL,XAUUSD,BUY,0.1,-3.7,4312.34,4312.71,2026-08-07T13:20:36+00:00,2026-08-07T13:20:36+00:00,,0,0,FER3ON-FINAL-build1
57520976789,MANUAL,XAUUSD,SELL,0.1,301.1,4318.66,4348.77,2026-08-07T15:31:13+00:00,2026-08-07T15:31:13+00:00,,0,0,FER3ON-FINAL-build1
57522288075,MANUAL,XAUUSD,BUY,0.05,33.75,4365.13,4358.38,2026-08-07T15:57:47+00:00,2026-08-07T15:57:47+00:00,,0,0,FER3ON-FINAL-build1
57523104568,MANUAL,XAUUSD,BUY,0.05,11.0,4355.89,4353.69,2026-08-07T16:24:17+00:00,2026-08-07T16:24:17+00:00,[sl 4353.69],0,0,FER3ON-FINAL-build1
57523165388,MANUAL,XAUUSD,BUY,0.05,-24.35,4350.27,4355.14,2026-08-07T16:26:48+00:00,2026-08-07T16:26:48+00:00,[sl 4355.14],0,0,FER3ON-FINAL-build1
57524390644,MANUAL,XAUUSD,BUY,0.05,-47.4,4331.35,4340.83,2026-08-07T17:10:25+00:00,2026-08-07T17:10:25+00:00,[sl 4340.83],0,0,FER3ON-FINAL-build1
57524451526,MANUAL,XAUUSD,SELL,0.05,-35.2,4336.11,4329.07,2026-08-07T17:12:17+00:00,2026-08-07T17:12:17+00:00,[sl 4329.07],0,0,FER3ON-FINAL-build1
57550815927,MICRO,XAUUSD,BUY,0.01,-26.86,4341.06,4367.92,2026-08-10T21:31:13+00:00,2026-08-10T21:31:13+00:00,[sl 4367.92],5001,5001,FER3ON-FINAL-build1
57550839467,SMC,XAUUSD,BUY,0.01,-29.98,4341.07,4371.05,2026-08-10T21:31:23+00:00,2026-08-10T21:31:23+00:00,[sl 4371.05],4001,4001,FER3ON-FINAL-build1
57553472382,SMC,XAUUSD,SELL,0.01,30.66,4376.6,4407.26,2026-08-11T03:10:54+00:00,2026-08-11T03:10:54+00:00,,4001,4001,FER3ON-FINAL-build1
57556951425,MICRO,XAUUSD,SELL,0.01,-26.84,4407.78,4380.94,2026-08-11T08:30:17+00:00,2026-08-11T08:30:17+00:00,[sl 4380.94],5001,5001,FER3ON-FINAL-build1
57556977179,SMC,XAUUSD,SELL,0.01,-28.93,4407.78,4378.85,2026-08-11T08:31:03+00:00,2026-08-11T08:31:03+00:00,[sl 4378.85],4001,4001,FER3ON-FINAL-build1
57559986316,MICRO,XAUUSD,BUY,0.01,7.88,4378.18,4370.3,2026-08-11T11:30:05+00:00,2026-08-11T11:30:05+00:00,,0,0,FER3ON-FINAL-build1
57561653028,MICRO,XAUUSD,SELL,0.02,9.88,4373.47,4378.41,2026-08-11T13:27:08+00:00,2026-08-11T13:27:08+00:00,,0,0,FER3ON-FINAL-build1
57567622389,SMC,XAUUSD,SELL,0.01,19.56,4377.68,4397.24,2026-08-11T18:03:33+00:00,2026-08-11T18:03:33+00:00,,0,0,FER3ON-FINAL-build1
57570634749,MICRO,XAUUSD,SELL,0.01,-30.02,4395.22,4365.2,2026-08-11T21:02:25+00:00,2026-08-11T21:02:25+00:00,[sl 4365.20],5001,5001,FER3ON-FINAL-build1
57572315072,MICRO,XAUUSD,BUY,0.01,-29.98,4365.9,4395.88,2026-08-12T01:00:15+00:00,2026-08-12T01:00:15+00:00,[sl 4395.88],5001,5001,FER3ON-FINAL-build1
57574289540,MICRO,XAUUSD,SELL,0.01,30.68,4369.91,4400.59,2026-08-12T05:13:31+00:00,2026-08-12T05:13:31+00:00,,5001,5001,FER3ON-FINAL-build1
57574592104,SMC,XAUUSD,SELL,0.01,30.48,4374.44,4404.92,2026-08-12T05:42:45+00:00,2026-08-12T05:42:45+00:00,,4001,4001,FER3ON-FINAL-build1
57578749039,MICRO,XAUUSD,SELL,0.01,4.99,4401.68,4406.67,2026-08-12T11:16:07+00:00,2026-08-12T11:16:07+00:00,,0,0,FER3ON-FINAL-build1
57582087623,SMC,XAUUSD,SELL,0.01,6.01,4405.23,4411.24,2026-08-12T14:37:31+00:00,2026-08-12T14:37:31+00:00,,0,0,FER3ON-FINAL-build1
57583589083,MICRO,XAUUSD,SELL,0.01,-27.25,4414.44,4387.19,2026-08-12T15:30:19+00:00,2026-08-12T15:30:19+00:00,[sl 4387.19],5001,5001,FER3ON-FINAL-build1
57594089698,SMC,XAUUSD,SELL,0.01,-30.24,4421.5,4391.26,2026-08-13T01:00:04+00:00,2026-08-13T01:00:04+00:00,[sl 4391.26],4001,4001,FER3ON-FINAL-build1
57594089699,MICRO,XAUUSD,SELL,0.01,-28.27,4419.25,4390.98,2026-08-13T01:00:04+00:00,2026-08-13T01:00:04+00:00,[sl 4390.98],5001,5001,FER3ON-FINAL-build1
57594808231,MICRO,XAUUSD,SELL,0.01,19.29,4401.03,4420.32,2026-08-13T03:07:04+00:00,2026-08-13T03:07:04+00:00,,5001,5001,FER3ON-FINAL-build1
57595025430,SMC,XAUUSD,SELL,0.01,31.34,4403.7,4435.04,2026-08-13T03:24:12+00:00,2026-08-13T03:24:12+00:00,,4001,4001,FER3ON-FINAL-build1
57596199931,SMC,XAUUSD,SELL,0.01,-30.02,4435.36,4405.34,2026-08-13T05:06:27+00:00,2026-08-13T05:06:27+00:00,[sl 4405.34],4001,4001,FER3ON-FINAL-build1
57599224802,MICRO,XAUUSD,BUY,0.01,30.19,4405.48,4375.29,2026-08-13T09:23:00+00:00,2026-08-13T09:23:00+00:00,,5001,5001,FER3ON-FINAL-build1
57605437436,MICRO,XAUUSD,BUY,0.01,-30.15,4369.87,4400.02,2026-08-13T15:30:04+00:00,2026-08-13T15:30:04+00:00,[sl 4400.02],5001,5001,FER3ON-FINAL-build1
57609363060,SMC,XAUUSD,SELL,0.01,-29.85,4390.43,4360.58,2026-08-13T17:30:16+00:00,2026-08-13T17:30:16+00:00,[sl 4360.58],4001,4001,FER3ON-FINAL-build1
57614740146,SMC,XAUUSD,SELL,0.01,-29.89,4376.7,4346.81,2026-08-13T22:14:06+00:00,2026-08-13T22:14:06+00:00,[sl 4346.81],4001,4001,FER3ON-FINAL-build1
57614741424,MICRO,XAUUSD,SELL,0.01,-29.96,4376.66,4346.7,2026-08-13T22:14:07+00:00,2026-08-13T22:14:07+00:00,[sl 4346.70],5001,5001,FER3ON-FINAL-build1
57625470741,MANUAL,XAUUSD,SELL,0.03,143.49,4320.35,4368.18,2026-08-14T14:53:41+00:00,2026-08-14T14:53:41+00:00,[tp 4368.18],0,0,FER3ON-FINAL-build1
9767563040,SMC,XAUUSD,SELL,0.01,-23.34,4421.65,4398.31,2026-08-18T05:33:58+00:00,2026-08-18T05:33:58+00:00,[sl 4398.21],4001,4001,FER3ON-FINAL-build1
9784151171,SMC,XAUUSD,BUY,0.01,25.82,4396.44,4370.62,2026-08-18T19:08:59+00:00,2026-08-18T19:08:59+00:00,[sl 4370.44],4001,4001,FER3ON-FINAL-build1
9788788536,SMC,XAUUSD,BUY,0.01,29.76,4363.71,4333.95,2026-08-19T02:52:52+00:00,2026-08-19T02:52:52+00:00,[sl 4333.77],4001,4001,FER3ON-FINAL-build1
9789439234,MANUAL,XAUUSD,SELL,0.01,-4.87,4342.35,4337.48,2026-08-19T03:56:57+00:00,2026-08-19T03:56:57+00:00,,0,0,FER3ON-FINAL-build1
9789591960,SMC,XAUUSD,BUY,0.01,6.11,4337.83,4331.72,2026-08-19T04:04:33+00:00,2026-08-19T04:04:33+00:00,[sl 4331.98],4001,4001,FER3ON-FINAL-build1
9794766842,SMC,XAUUSD,BUY,0.01,-29.62,4333.43,4363.05,2026-08-19T10:36:25+00:00,2026-08-19T10:36:25+00:00,[sl 4363.14],4001,4001,FER3ON-FINAL-build1
9800345962,SMC,XAUUSD,BUY,0.01,-30.05,4355.72,4385.77,2026-08-19T15:35:13+00:00,2026-08-19T15:35:13+00:00,[sl 4385.74],4001,4001,FER3ON-FINAL-build1
57734894717,SMC,XAUUSD,SELL,0.01,30.92,4548.81,4579.73,2026-08-21T13:13:12+00:00,2026-08-21T13:13:12+00:00,[sl 4579.73],4001,4001,FER3ON-FINAL-build1-MERGED-rearch-cert6
57743219710,SCALP,XAUUSD,SELL,0.01,26.74,4583.18,4609.92,2026-08-21T19:09:04+00:00,2026-08-21T19:09:04+00:00,[sl 4609.92],1001,1001,FER3ON-FINAL-build1-MERGED-rearch-cert6
57744424021,SMC,XAUUSD,SELL,0.01,45.27,4586.24,4631.51,2026-08-21T20:09:10+00:00,2026-08-21T20:09:10+00:00,,4001,4001,FER3ON-FINAL-build1-MERGED-rearch-cert6
57744686791,SMC,XAUUSD,SELL,0.01,-12.88,4631.89,4619.01,2026-08-21T20:23:04+00:00,2026-08-21T20:23:04+00:00,[sl 4619.01],4001,4001,FER3ON-FINAL-build1-MERGED-rearch-cert6
57744851266,SCALP,XAUUSD,SELL,0.01,1.74,4619.01,4620.75,2026-08-21T20:31:42+00:00,2026-08-21T20:31:42+00:00,,0,0,FER3ON-FINAL-build1-MERGED-rearch-cert6
57744884627,SMC,XAUUSD,SELL,0.01,0.98,4619.28,4620.26,2026-08-21T20:34:45+00:00,2026-08-21T20:34:45+00:00,,0,0,FER3ON-FINAL-build1-MERGED-rearch-cert6
57759015561,SMC,XAUUSD,SELL,0.01,26.69,4632.06,4658.75,2026-08-24T14:41:59+00:00,2026-08-24T14:41:59+00:00,[sl 4658.75],4001,4001,FER3ON-FINAL-build1-MERGED-rearch-cert6
57762169645,SCALP,XAUUSD,SELL,0.01,18.34,4649.95,4668.29,2026-08-24T16:38:27+00:00,2026-08-24T16:38:27+00:00,[sl 4668.29],1001,1001,FER3ON-FINAL-build1-MERGED-rearch-cert6
57765811188,SCALP,XAUUSD,SELL,0.01,-29.96,4670.42,4640.46,2026-08-24T18:58:07+00:00,2026-08-24T18:58:07+00:00,[sl 4640.46],1001,1001,FER3ON-FINAL-build1-MERGED-rearch-cert6
57767432083,SMC,XAUUSD,SELL,0.02,-59.84,4663.58,4633.66,2026-08-24T20:21:12+00:00,2026-08-24T20:21:12+00:00,[sl 4633.66],4001,4001,FER3ON-FINAL-build1-MERGED-rearch-cert6
57772082805,SMC,XAUUSD,SELL,0.01,-29.97,4691.1,4661.13,2026-08-25T04:55:34+00:00,2026-08-25T04:55:34+00:00,[sl 4661.13],4001,4001,FER3ON-FINAL-build1-MERGED-rearch-cert6
57783121052,SCALP,XAUUSD,SELL,0.01,-29.99,4636.74,4606.75,2026-08-25T16:47:38+00:00,2026-08-25T16:47:38+00:00,[sl 4606.75],1001,1001,FER3ON-FINAL-build1-MERGED-rearch-cert6
57802324214,SMC,XAUUSD,SELL,0.02,-43.86,4621.77,4599.84,2026-08-26T16:16:05+00:00,2026-08-26T16:16:05+00:00,[sl 4599.84],4001,4001,FER3ON-FINAL-build1-MERGED-rearch-cert6
57805387635,SCALP,XAUUSD,SELL,0.01,-30.18,4620.44,4590.26,2026-08-26T18:05:44+00:00,2026-08-26T18:05:44+00:00,[sl 4590.26],1001,1001,FER3ON-FINAL-build1-MERGED-rearch-cert6
57834793107,SMC,XAUUSD,BUY,0.01,-34.95,4579.57,4614.52,2026-08-28T10:36:13+00:00,2026-08-28T10:36:13+00:00,[sl 4614.52],4001,4001,FER3ON-FINAL-build1-MERGED-rearch-cert6
57841367990,SCALP,XAUUSD,SELL,0.01,0.5,4607.13,4607.63,2026-08-28T17:00:00+00:00,2026-08-28T17:00:00+00:00,[sl 4607.63],1001,1001,FER3ON-FINAL-build1-MERGED-rearch-cert6
9991971051,SCALP,XAUUSD,SELL,0.02,-30.0,4455.04,4440.04,2026-08-31T15:40:39+00:00,2026-08-31T15:40:39+00:00,[sl 4440.04],1001,1001,FER3ON-FINAL-build1-MERGED-rearch-cert6
9994217980,SMC,XAUUSD,BUY,0.02,28.82,4441.34,4426.93,2026-08-31T17:06:14+00:00,2026-08-31T17:06:14+00:00,[sl 4426.93],4001,4001,FER3ON-FINAL-build1-MERGED-rearch-cert6
10000254838,SMC,XAUUSD,BUY,0.02,-30.2,4426.7,4441.8,2026-08-31T22:25:07+00:00,2026-08-31T22:25:07+00:00,[sl 4441.80],4001,4001,FER3ON-FINAL-build1-MERGED-rearch-cert6
10012538925,SMC,XAUUSD,SELL,0.02,16.04,4371.54,4379.56,2026-09-01T14:54:40+00:00,2026-09-01T14:54:40+00:00,[sl 4379.56],4001,4001,FER3ON-FINAL-build1-MERGED-rearch-cert6
10012736562,SCALP,XAUUSD,SELL,0.01,-15.0,4385.45,4370.45,2026-09-01T15:01:41+00:00,2026-09-01T15:01:41+00:00,[sl 4370.45],1001,1001,FER3ON-FINAL-build1-MERGED-rearch-cert6
10013815849,SMC,XAUUSD,BUY,0.01,9.05,4370.32,4361.27,2026-09-01T15:39:26+00:00,2026-09-01T15:39:26+00:00,[sl 4361.27],4001,4001,FER3ON-FINAL-build1-MERGED-rearch-cert6
10014950862,SMC,XAUUSD,BUY,0.01,26.01,4357.46,4331.45,2026-09-01T16:10:26+00:00,2026-09-01T16:10:26+00:00,,4001,4001,FER3ON-FINAL-build1-MERGED-rearch-cert6
10015454427,SMC,XAUUSD,BUY,0.01,17.88,4357.46,4339.58,2026-09-01T16:26:05+00:00,2026-09-01T16:26:05+00:00,[sl 4339.58],4001,4001,FER3ON-FINAL-build1-MERGED-rearch-cert6
10016506052,SMC,XAUUSD,BUY,0.01,-15.73,4350.84,4366.57,2026-09-01T16:59:40+00:00,2026-09-01T16:59:40+00:00,[sl 4366.57],4001,4001,FER3ON-FINAL-build1-MERGED-rearch-cert6
10020362808,SMC,XAUUSD,BUY,0.01,9.7,4366.16,4356.46,2026-09-01T19:40:36+00:00,2026-09-01T19:40:36+00:00,[sl 4356.46],4001,4001,FER3ON-FINAL-build1-MERGED-rearch-cert6
10023633709,SMC,XAUUSD,BUY,0.01,-14.94,4355.04,4369.98,2026-09-02T01:00:05+00:00,2026-09-02T01:00:05+00:00,[sl 4369.98],4001,4001,FER3ON-FINAL-build1-MERGED-rearch-cert6
10032832824,SMC,XAUUSD,BUY,0.01,15.33,4323.18,4307.85,2026-09-02T13:14:06+00:00,2026-09-02T13:14:06+00:00,[sl 4307.85],4001,4001,FER3ON-FINAL-build1-MERGED-rearch-cert6
10033905402,SMC,XAUUSD,BUY,0.01,-15.0,4307.03,4322.03,2026-09-02T14:14:37+00:00,2026-09-02T14:14:37+00:00,[sl 4322.03],4001,4001,FER3ON-FINAL-build1-MERGED-rearch-cert6
10038983762,SCALP,XAUUSD,SELL,0.01,8.94,4383.6,4392.54,2026-09-02T17:08:59+00:00,2026-09-02T17:08:59+00:00,,1001,1001,FER3ON-FINAL-build1-MERGED-rearch-cert6
10039392698,SMC,XAUUSD,SELL,0.01,11.51,4383.94,4395.45,2026-09-02T17:21:02+00:00,2026-09-02T17:21:02+00:00,,4001,4001,FER3ON-FINAL-build1-MERGED-rearch-cert6
10039528930,SCALP,XAUUSD,SELL,0.01,2.59,4383.6,4386.19,2026-09-02T17:25:36+00:00,2026-09-02T17:25:36+00:00,[sl 4386.19],1001,1001,FER3ON-FINAL-build1-MERGED-rearch-cert6
10039639079,SMC,XAUUSD,SELL,0.02,1.0,4383.94,4384.44,2026-09-02T17:30:07+00:00,2026-09-02T17:30:07+00:00,[sl 4384.44],4001,4001,FER3ON-FINAL-build1-MERGED-rearch-cert6
