date,ticket,signal,lot,profit,result,strategy,session,market_regime,exec_grade,rr_ratio,quality_score,brain_score
2026-06-29T02:00:37.366390+00:00,9312494425,SELL,0.04,0.0,OPEN,SMC,ASIA,RANGING,A+,2.0,30.0,48.5
2026-06-29T02:01:28.614055+00:00,9312530483,BUY,0.07,0.0,OPEN,MICRO,ASIA,RANGING,B,1.5,2.0,2.0
2026-06-29T02:04:01.233389+00:00,9312619510,SELL,0.1,0.0,OPEN,SMC,ASIA,RANGING,A+,2.0,82.0,48.5
2026-06-29T02:07:49.840752+00:00,9312728947,SELL,0.1,0.0,OPEN,SMC,ASIA,RANGING,A+,2.0,82.0,48.5
2026-06-29T02:11:13.042773+00:00,9312825528,SELL,0.1,0.0,OPEN,SMC,ASIA,RANGING,A+,2.0,82.0,48.5
2026-06-29T02:14:36.398060+00:00,9312905617,SELL,0.1,0.0,OPEN,SMC,ASIA,RANGING,A+,2.0,82.0,48.5
2026-06-29T02:17:08.905213+00:00,9312960667,BUY,0.07,0.0,OPEN,MICRO,ASIA,RANGING,B,1.5,2.0,2.0
2026-06-29T02:29:24.865688+00:00,9313254013,SELL,0.1,0.0,OPEN,SMC,ASIA,RANGING,A+,2.0,82.0,48.5
2026-06-29T02:36:10.857564+00:00,9313408781,SELL,0.1,0.0,OPEN,SMC,ASIA,RANGING,A+,2.0,82.0,48.5
2026-06-29T02:36:11.224983+00:00,9313408956,SELL,0.07,0.0,OPEN,MICRO,ASIA,RANGING,B,1.5,2.0,2.0
2026-06-29T02:38:18.608403+00:00,9313484981,SELL,0.07,0.0,OPEN,MICRO,ASIA,RANGING,B,1.5,2.0,2.0
2026-06-29T02:39:35.046131+00:00,9313522278,SELL,0.11,0.0,OPEN,SMC,ASIA,RANGING,A+,2.0,82.0,48.5
2026-06-29T02:44:39.880960+00:00,9313641908,SELL,0.11,0.0,OPEN,SMC,ASIA,RANGING,A+,2.0,82.0,26.0
2026-06-29T02:46:47.287524+00:00,9313703874,BUY,0.07,0.0,OPEN,MICRO,ASIA,RANGING,B,1.5,2.0,2.0
2026-06-29T03:14:44.242052+00:00,9314383185,SELL,0.11,0.0,OPEN,SMC,ASIA,RANGING,A+,2.0,82.0,26.0
2026-06-29T03:21:05.683124+00:00,9314538400,SELL,0.07,0.0,OPEN,SMC,ASIA,RANGING,A,2.0,82.0,26.0
2026-06-29T03:32:04.673783+00:00,9314811755,SELL,0.1,0.0,OPEN,SMC,ASIA,RANGING,A+,2.0,82.0,26.0
2026-06-29T03:32:04.984635+00:00,9314811865,SELL,0.07,0.0,OPEN,MICRO,ASIA,RANGING,B,1.5,2.0,2.0
2026-06-29T03:38:50.241386+00:00,9314969163,SELL,0.12,0.0,OPEN,SMC,ASIA,RANGING,A+,2.0,92.0,26.0
2026-06-29T03:42:13.088082+00:00,9315054415,SELL,0.1,0.0,OPEN,SMC,ASIA,RANGING,A,2.0,92.0,26.0
2026-06-29T03:45:36.015430+00:00,9315139789,SELL,0.12,0.0,OPEN,SMC,ASIA,RANGING,A+,2.0,92.0,26.0
2026-06-29T03:51:56.846923+00:00,9315250443,SELL,0.1,0.0,OPEN,SMC,ASIA,RANGING,A,2.0,92.0,26.0
2026-06-29T04:01:40.216001+00:00,9315454900,SELL,0.1,0.0,OPEN,SMC,ASIA,RANGING,A,2.0,82.0,26.0
2026-06-29T04:18:32.539182+00:00,9315800550,SELL,0.11,0.0,OPEN,SMC,ASIA,RANGING,A+,2.0,74.0,26.0
2026-06-29T04:18:32.847152+00:00,9315800771,SELL,0.09,0.0,OPEN,MICRO,ASIA,RANGING,B,1.5,2.0,2.0
2026-06-29T04:27:49.819333+00:00,9316002581,SELL,0.07,0.0,OPEN,SMC,ASIA,RANGING,A,2.0,82.0,26.0
2026-06-29T04:32:28.503349+00:00,9316106785,SELL,0.1,0.0,OPEN,SMC,ASIA,RANGING,A,2.0,82.0,26.0
2026-06-29T04:32:28.804970+00:00,9316106893,SELL,0.07,0.0,OPEN,MICRO,ASIA,RANGING,B,1.5,2.0,2.0
2026-06-29T04:38:21.618790+00:00,9316302851,SELL,0.11,0.0,OPEN,SMC,ASIA,RANGING,A+,2.0,82.0,26.0
2026-06-29T04:38:21.956220+00:00,9316303149,SELL,0.09,0.0,OPEN,MICRO,ASIA,RANGING,B,1.5,2.0,2.0
2026-06-29T04:41:45.312282+00:00,9316431438,SELL,0.1,0.0,OPEN,SMC,ASIA,RANGING,A,2.0,82.0,26.0
2026-06-29T04:45:08.670917+00:00,9316547141,SELL,0.11,0.0,OPEN,SMC,ASIA,RANGING,A+,2.0,82.0,26.0
2026-06-29T04:54:01.377131+00:00,9316763834,SELL,0.12,0.0,OPEN,SMC,ASIA,RANGING,A+,2.0,82.0,26.0
2026-06-29T04:54:27.179633+00:00,9316774529,SELL,0.09,0.0,OPEN,MICRO,ASIA,RANGING,B,1.5,2.0,2.0
2026-06-29T04:57:25.368532+00:00,9316871044,SELL,0.12,0.0,OPEN,SMC,ASIA,RANGING,A+,2.0,82.0,26.0
2026-06-29T04:57:51.127445+00:00,9316887118,SELL,0.09,0.0,OPEN,MICRO,ASIA,RANGING,B,1.5,2.0,2.0
2026-06-29T05:00:49.053422+00:00,9316983796,SELL,0.06,0.0,OPEN,SMC,ASIA,RANGING,A+,2.0,30.0,26.0
2026-06-29T05:00:47+00:00,8966312990,BUY,0.04,-12.12,LOSS,SMC,ASIA,UNKNOWN,SYNC,0,0,0
2026-06-29T05:01:15.071353+00:00,9317003279,SELL,0.01,0.0,OPEN,MICRO,ASIA,RANGING,B,1.5,2.0,2.0
2026-06-29T05:03:49+00:00,8966438810,SELL,0.07,3.5,WIN,MICRO,ASIA,UNKNOWN,SYNC,0,0,0
2026-06-29T05:04:38.639950+00:00,9317119370,SELL,0.04,0.0,OPEN,SMC,ASIA,RANGING,A,2.0,30.0,24.25
2026-06-29T05:06:20.392658+00:00,9317175537,BUY,0.08,0.0,OPEN,MICRO,ASIA,RANGING,B,1.5,2.0,2.0
2026-06-29T05:07:30+00:00,8966555383,BUY,0.1,26.7,WIN,SMC,ASIA,UNKNOWN,SYNC,0,0,0
2026-06-29T05:08:02.517765+00:00,9317230144,SELL,0.04,0.0,OPEN,SMC,ASIA,RANGING,A+,2.0,30.0,24.25
2026-06-29T05:08:47+00:00,8966598114,BUY,0.1,27.0,WIN,SMC,ASIA,UNKNOWN,SYNC,0,0,0
2026-06-29T05:15:39.422461+00:00,9317456270,SELL,0.04,0.0,OPEN,SMC,ASIA,RANGING,A,2.0,30.0,24.25
2026-06-29T05:13:10+00:00,8966728855,BUY,0.1,27.3,WIN,SMC,ASIA,UNKNOWN,SYNC,0,0,0
2026-06-29T05:16:48+00:00,8966816357,BUY,0.1,-30.2,LOSS,SMC,ASIA,UNKNOWN,SYNC,0,0,0
2026-06-29T05:19:54.061263+00:00,9317575790,SELL,0.01,0.0,OPEN,SMC,ASIA,RANGING,A+,2.0,74.0,26.0
2026-06-29T05:24:08.089598+00:00,9317708290,SELL,0.01,0.0,OPEN,SMC,ASIA,RANGING,A+,2.0,30.0,26.0
2026-06-29T05:24:08.452980+00:00,9317708503,SELL,0.01,0.0,OPEN,MICRO,ASIA,RANGING,B,1.5,2.0,2.0
2026-06-29T05:27:31.891202+00:00,9317808498,SELL,0.04,0.0,OPEN,SMC,ASIA,RANGING,A,2.0,30.0,26.0
2026-06-29T05:29:15+00:00,8967156173,SELL,0.07,18.06,WIN,MICRO,ASIA,UNKNOWN,SYNC,0,0,0
2026-06-29T05:30:30.093746+00:00,9317908568,SELL,0.08,0.0,OPEN,MICRO,ASIA,RANGING,B,1.5,2.0,2.0
2026-06-29T05:30:55.821932+00:00,9317940870,SELL,0.05,0.0,OPEN,SMC,ASIA,RANGING,A+,2.0,30.0,26.0
2026-06-29T05:33:53.757158+00:00,9318071005,SELL,0.08,0.0,OPEN,MICRO,ASIA,RANGING,B,1.5,2.0,2.0
2026-06-29T05:34:19.681905+00:00,9318089457,SELL,0.05,0.0,OPEN,SMC,ASIA,RANGING,A+,2.0,30.0,26.0
2026-06-29T05:36:01+00:00,8967331913,BUY,0.1,25.6,WIN,SMC,ASIA,UNKNOWN,SYNC,0,0,0
2026-06-29T05:37:18.121185+00:00,9318203473,SELL,0.09,0.0,OPEN,MICRO,ASIA,RANGING,B,1.5,2.0,2.0
2026-06-29T05:37:16+00:00,8967386576,BUY,0.1,26.0,WIN,SMC,ASIA,UNKNOWN,SYNC,0,0,0
2026-06-29T05:37:44.208339+00:00,9318225674,SELL,0.05,0.0,OPEN,SMC,ASIA,RANGING,ELITE,2.0,30.0,29.5
2026-06-29T05:37:30+00:00,8967397742,BUY,0.07,31.85,WIN,MICRO,ASIA,UNKNOWN,SYNC,0,0,0
2026-06-29T05:41:08.463623+00:00,9318344859,SELL,0.04,0.0,OPEN,SMC,ASIA,RANGING,A+,2.0,30.0,29.5
2026-06-29T05:42:50.942781+00:00,9318417013,BUY,0.08,0.0,OPEN,MICRO,ASIA,RANGING,B,1.5,2.0,2.0
2026-06-29T05:44:37+00:00,8967603669,BUY,0.11,30.25,WIN,SMC,ASIA,UNKNOWN,SYNC,0,0,0
2026-06-29T05:45:06+00:00,8967623897,BUY,0.11,-32.67,LOSS,SMC,ASIA,UNKNOWN,SYNC,0,0,0
2026-06-29T05:46:32+00:00,8967664560,BUY,0.07,-21.0,LOSS,MICRO,ASIA,UNKNOWN,SYNC,0,0,0
2026-06-29T05:52:35.476882+00:00,9318805500,SELL,0.01,0.0,OPEN,SMC,ASIA,RANGING,A+,2.0,30.0,29.5
2026-06-29T05:56:36.640532+00:00,9318948248,SELL,0.01,0.0,OPEN,SMC,ASIA,RANGING,A+,2.0,92.0,29.5
2026-06-29T05:58:37.478399+00:00,9319024231,BUY,0.01,0.0,OPEN,MICRO,ASIA,RANGING,B,1.5,2.0,2.0
2026-06-29T06:00:38.380823+00:00,9319089283,SELL,0.01,0.0,OPEN,SMC,ASIA,RANGING,A+,2.0,30.0,29.5
2026-06-29T06:04:39.399855+00:00,9319243713,BUY,0.01,0.0,OPEN,MICRO,ASIA,RANGING,B,1.5,2.0,2.0
2026-06-29T06:08:40.448865+00:00,9319414433,BUY,0.06,0.0,OPEN,MICRO,ASIA,RANGING,B,1.5,2.0,2.0
2026-06-29T06:14:41.789963+00:00,9319641060,SELL,0.03,0.0,OPEN,SMC,ASIA,RANGING,A+,2.0,30.0,29.5
2026-06-29T06:14:24+00:00,8968432139,SELL,0.07,25.9,WIN,MICRO,ASIA,UNKNOWN,SYNC,0,0,0
2026-06-29T06:26:44.255507+00:00,9320001279,SELL,0.11,0.0,OPEN,SMC,ASIA,RANGING,A+,2.0,82.0,29.5
2026-06-29T06:21:01+00:00,8968616231,BUY,0.11,-33.88,LOSS,SMC,ASIA,UNKNOWN,SYNC,0,0,0
2026-06-29T06:30:45.531616+00:00,9320137048,SELL,0.01,0.0,OPEN,SMC,ASIA,RANGING,A+,2.0,82.0,27.75
2026-06-29T06:31:49+00:00,8968921137,BUY,0.07,18.69,WIN,SMC,ASIA,UNKNOWN,SYNC,0,0,0
2026-06-29T06:34:46.779781+00:00,9320263150,SELL,0.01,0.0,OPEN,SMC,ASIA,RANGING,A+,2.0,30.0,27.75
2026-06-29T06:40:48.626433+00:00,9320476345,SELL,0.11,0.0,OPEN,SMC,ASIA,RANGING,A+,2.0,82.0,27.75
2026-06-29T06:38:35+00:00,8969101638,BUY,0.1,26.5,WIN,SMC,ASIA,UNKNOWN,SYNC,0,0,0
2026-06-29T06:41:04+00:00,8969177870,BUY,0.12,-36.0,LOSS,SMC,ASIA,UNKNOWN,SYNC,0,0,0
2026-06-29T06:48:50.872038+00:00,9320733637,SELL,0.01,0.0,OPEN,SMC,ASIA,RANGING,A,2.0,82.0,27.75
2026-06-29T06:44:09+00:00,8969273661,BUY,0.1,27.1,WIN,SMC,ASIA,UNKNOWN,SYNC,0,0,0
2026-06-29T07:00:53.742257+00:00,9321136871,SELL,0.04,0.0,OPEN,SMC,ASIA,RANGING,A+,2.0,30.0,29.5
2026-06-29T07:00:54.179503+00:00,9321137364,SELL,0.08,0.0,OPEN,MICRO,ASIA,RANGING,B,1.5,2.0,2.0
2026-06-29T06:51:55+00:00,8969436400,BUY,0.12,-36.0,LOSS,SMC,ASIA,UNKNOWN,SYNC,0,0,0
2026-06-29T07:01:24+00:00,8969658321,BUY,0.1,27.4,WIN,SMC,ASIA,UNKNOWN,SYNC,0,0,0
2026-06-29T07:16:57.527239+00:00,9321646207,SELL,0.05,0.0,OPEN,SMC,ASIA,RANGING,A,2.0,30.0,29.5
2026-06-29T07:18:21+00:00,8970055923,BUY,0.1,18.3,WIN,SMC,ASIA,UNKNOWN,SYNC,0,0,0
2026-06-29T07:24:59.628854+00:00,9321899728,SELL,0.1,0.0,OPEN,SMC,ASIA,RANGING,A,2.0,82.0,31.25
2026-06-29T07:31:00.960879+00:00,9322116009,SELL,0.06,0.0,OPEN,SMC,ASIA,RANGING,A+,2.0,30.0,31.25
2026-06-29T07:27:38+00:00,8970286459,BUY,0.11,-33.44,LOSS,SMC,ASIA,UNKNOWN,SYNC,0,0,0
2026-06-29T07:27:38+00:00,8970286475,BUY,0.09,-26.55,LOSS,MICRO,ASIA,UNKNOWN,SYNC,0,0,0
2026-06-29T07:32:16+00:00,8970400722,BUY,0.07,18.97,WIN,SMC,ASIA,UNKNOWN,SYNC,0,0,0
2026-06-29T07:37:03.095064+00:00,9322307177,SELL,0.01,0.0,OPEN,SMC,ASIA,RANGING,A+,2.0,82.0,33.0
2026-06-29T07:36:21+00:00,8970547533,BUY,0.1,27.0,WIN,SMC,ASIA,UNKNOWN,SYNC,0,0,0
2026-06-29T07:36:34+00:00,8970562191,BUY,0.07,31.08,WIN,MICRO,ASIA,UNKNOWN,SYNC,0,0,0
2026-06-29T07:40:01+00:00,8970699556,BUY,0.11,29.7,WIN,SMC,ASIA,UNKNOWN,SYNC,0,0,0
2026-06-29T07:41:11+00:00,8970755189,BUY,0.09,40.86,WIN,MICRO,ASIA,UNKNOWN,SYNC,0,0,0
2026-06-29T07:44:13+00:00,8970870565,BUY,0.1,-30.0,LOSS,SMC,ASIA,UNKNOWN,SYNC,0,0,0
2026-06-29T07:53:53+00:00,8971144604,BUY,0.11,10.56,WIN,SMC,ASIA,UNKNOWN,SYNC,0,0,0
2026-06-29T07:57:49+00:00,8971282315,BUY,0.09,40.32,WIN,MICRO,ASIA,UNKNOWN,SYNC,0,0,0
2026-06-29T08:01:35.689567+00:00,9323176955,SELL,0.16,0.0,OPEN,SMC,LONDON,RANGING,A,2.0,82.0,57.75
2026-06-29T08:00:05+00:00,8971367060,BUY,0.09,-27.72,LOSS,MICRO,LONDON,UNKNOWN,SYNC,0,0,0
2026-06-29T08:01:17+00:00,8971420436,BUY,0.06,16.08,WIN,SMC,LONDON,UNKNOWN,SYNC,0,0,0
2026-06-29T08:03:08+00:00,8971486870,BUY,0.01,-3.02,LOSS,MICRO,LONDON,UNKNOWN,SYNC,0,0,0
2026-06-29T08:05:39.567276+00:00,9323337947,SELL,0.01,0.0,OPEN,SMC,LONDON,RANGING,A,2.0,30.0,57.75
2026-06-29T08:06:05+00:00,8971602994,BUY,0.04,-12.0,LOSS,SMC,LONDON,UNKNOWN,SYNC,0,0,0
2026-06-29T08:09:41.152227+00:00,9323488557,SELL,0.01,0.0,OPEN,SMC,LONDON,RANGING,A,2.0,82.0,57.75
2026-06-29T08:07:55+00:00,8971670112,SELL,0.08,-23.76,LOSS,MICRO,LONDON,UNKNOWN,SYNC,0,0,0
2026-06-29T08:15:31+00:00,8971922268,BUY,0.04,-11.8,LOSS,SMC,LONDON,UNKNOWN,SYNC,0,0,0
2026-06-29T08:19:37+00:00,8972050333,BUY,0.04,10.8,WIN,SMC,LONDON,UNKNOWN,SYNC,0,0,0
2026-06-29T08:23:45+00:00,8972201752,BUY,0.01,2.7,WIN,SMC,LONDON,UNKNOWN,SYNC,0,0,0
2026-06-29T08:26:00+00:00,8972291669,BUY,0.01,-2.93,LOSS,SMC,LONDON,UNKNOWN,SYNC,0,0,0
2026-06-29T08:26:00+00:00,8972291677,BUY,0.01,-2.88,LOSS,MICRO,LONDON,UNKNOWN,SYNC,0,0,0
2026-06-29T08:29:27+00:00,8972399413,BUY,0.04,10.72,WIN,SMC,LONDON,UNKNOWN,SYNC,0,0,0
2026-06-29T08:31:52.405306+00:00,9324221568,SELL,0.01,0.0,OPEN,SMC,LONDON,RANGING,A,2.0,50.0,57.75
2026-06-29T08:30:41+00:00,8972475215,BUY,0.08,37.52,WIN,MICRO,LONDON,UNKNOWN,SYNC,0,0,0
2026-06-29T08:31:14+00:00,8972513647,BUY,0.05,13.5,WIN,SMC,LONDON,UNKNOWN,SYNC,0,0,0
2026-06-29T08:35:54.277881+00:00,9324368885,SELL,0.16,0.0,OPEN,SMC,LONDON,RANGING,ELITE,2.0,82.0,57.75
2026-06-29T08:34:50+00:00,8972692432,BUY,0.05,-15.05,LOSS,SMC,LONDON,UNKNOWN,SYNC,0,0,0
2026-06-29T08:34:52+00:00,8972694811,BUY,0.08,-23.84,LOSS,MICRO,LONDON,UNKNOWN,SYNC,0,0,0
2026-06-29T08:38:32+00:00,8972869554,BUY,0.09,-27.36,LOSS,MICRO,LONDON,UNKNOWN,SYNC,0,0,0
2026-06-29T08:38:32+00:00,8972869861,BUY,0.05,-15.0,LOSS,SMC,LONDON,UNKNOWN,SYNC,0,0,0
2026-06-29T08:41:10.315682+00:00,9324542939,SELL,0.14,0.0,OPEN,SMC,LONDON,RANGING,A+,2.0,82.0,56.0
2026-06-29T08:42:11.229438+00:00,9324595054,SELL,0.1,0.0,OPEN,MICRO,LONDON,RANGING,B,1.5,2.0,2.0
2026-06-29T08:42:26+00:00,8973028504,BUY,0.04,-11.64,LOSS,SMC,LONDON,UNKNOWN,SYNC,0,0,0
2026-06-29T08:44:12.768005+00:00,9324691177,SELL,0.01,0.0,OPEN,SMC,LONDON,RANGING,A+,2.0,50.0,54.25
2026-06-29T08:51:15.971134+00:00,9324991872,SELL,0.01,0.0,OPEN,SMC,LONDON,RANGING,A+,2.0,82.0,54.25
2026-06-29T08:51:16.546879+00:00,9324992244,SELL,0.01,0.0,OPEN,MICRO,LONDON,RANGING,B,1.5,2.0,2.0
2026-06-29T08:55:18.972661+00:00,9325171585,SELL,0.09,0.0,OPEN,SMC,LONDON,RANGING,A+,2.0,50.0,31.75
2026-06-29T08:54:06+00:00,8973564456,BUY,0.01,-3.02,LOSS,SMC,LONDON,UNKNOWN,SYNC,0,0,0
2026-06-29T08:58:20.912964+00:00,9325323457,SELL,0.01,0.0,OPEN,SMC,LONDON,RANGING,A+,2.0,50.0,31.75
2026-06-29T08:58:21.387215+00:00,9325324187,SELL,0.01,0.0,OPEN,MICRO,LONDON,RANGING,B,1.5,2.0,2.0
2026-06-29T08:57:57+00:00,8973733429,BUY,0.01,-3.02,LOSS,SMC,LONDON,UNKNOWN,SYNC,0,0,0
2026-06-29T09:00:05+00:00,8973815472,SELL,0.01,-3.02,LOSS,MICRO,LONDON,UNKNOWN,SYNC,0,0,0
2026-06-29T09:03:24.773276+00:00,9325597550,BUY,0.01,0.0,OPEN,SMC,LONDON,RANGING,A+,2.0,62.0,30.0
2026-06-29T09:03:49+00:00,8973963772,BUY,0.01,-3.52,LOSS,SMC,LONDON,UNKNOWN,SYNC,0,0,0
2026-06-29T09:05:26.500010+00:00,9325685356,BUY,0.01,0.0,OPEN,MICRO,LONDON,RANGING,B,1.5,2.0,2.0
2026-06-29T09:06:27.435015+00:00,9325745988,BUY,0.01,0.0,OPEN,SMC,LONDON,RANGING,A+,2.0,57.0,28.25
2026-06-29T09:08:14+00:00,8974182866,SELL,0.01,4.48,WIN,MICRO,LONDON,UNKNOWN,SYNC,0,0,0
2026-06-29T09:09:29.441036+00:00,9325901293,BUY,0.01,0.0,OPEN,SMC,LONDON,RANGING,A+,2.0,57.0,28.25
2026-06-29T09:13:31.304337+00:00,9326069883,BUY,0.01,0.0,OPEN,SMC,LONDON,RANGING,A,2.0,57.0,28.25
2026-06-29T09:11:57+00:00,8974348146,SELL,0.06,-27.9,LOSS,MICRO,LONDON,UNKNOWN,SYNC,0,0,0
2026-06-29T09:25:08+00:00,8974791389,BUY,0.03,8.1,WIN,SMC,LONDON,UNKNOWN,SYNC,0,0,0
2026-06-29T09:25:56.327692+00:00,9327000762,SELL,0.09,0.0,OPEN,SMC,LONDON,RANGING,A+,2.0,50.0,30.0
2026-06-29T09:25:56.738862+00:00,9327000973,SELL,0.11,0.0,OPEN,MICRO,LONDON,RANGING,B,1.5,2.0,2.0
2026-06-29T09:28:58.508203+00:00,9327061866,SELL,0.09,0.0,OPEN,SMC,LONDON,RANGING,A+,2.0,50.0,30.0
2026-06-29T09:29:38+00:00,8974992183,BUY,0.11,29.7,WIN,SMC,LONDON,UNKNOWN,SYNC,0,0,0
2026-06-29T09:33:00.900978+00:00,9327172093,SELL,0.09,0.0,OPEN,SMC,LONDON,RANGING,A+,2.0,50.0,30.0
2026-06-29T09:33:33+00:00,8975123134,BUY,0.01,2.65,WIN,SMC,LONDON,UNKNOWN,SYNC,0,0,0
2026-06-29T09:35:41.836237+00:00,9327245628,SELL,0.09,0.0,OPEN,SMC,LONDON,RANGING,A+,2.0,50.0,30.0
2026-06-29T09:49:08.817369+00:00,9327532282,SELL,0.12,0.0,OPEN,SMC,LONDON,RANGING,A+,2.0,61.0,30.0
2026-06-29T09:49:09.282073+00:00,9327532439,SELL,0.13,0.0,OPEN,MICRO,LONDON,RANGING,B,1.5,2.0,2.0
2026-06-29T09:39:51+00:00,8975385742,BUY,0.01,-3.0,LOSS,SMC,LONDON,UNKNOWN,SYNC,0,0,0
2026-06-29T09:48:03+00:00,8975680517,BUY,0.11,-28.16,LOSS,SMC,LONDON,UNKNOWN,SYNC,0,0,0
2026-06-29T09:52:31.186629+00:00,9327656552,SELL,0.01,0.0,OPEN,SMC,LONDON,RANGING,A+,2.0,61.0,28.25
2026-06-29T09:52:31.656558+00:00,9327656875,SELL,0.01,0.0,OPEN,MICRO,LONDON,RANGING,B,1.5,2.0,2.0
2026-06-29T09:57:33.403775+00:00,9327794269,SELL,0.01,0.0,OPEN,SMC,LONDON,RANGING,A+,2.0,82.0,28.25
2026-06-29T10:00:54.670803+00:00,9327932394,SELL,0.01,0.0,OPEN,SMC,LONDON,RANGING,ELITE,2.0,82.0,28.25
2026-06-29T10:00:55.035386+00:00,9327932604,SELL,0.01,0.0,OPEN,SWING,LONDON,RANGING,B,2.0,70,70
2026-06-29T10:00:11+00:00,8976143329,BUY,0.01,2.95,WIN,SMC,LONDON,UNKNOWN,SYNC,0,0,0
2026-06-29T10:04:16.666649+00:00,9328014816,SELL,0.14,0.0,OPEN,SMC,LONDON,RANGING,A+,2.0,82.0,28.25
2026-06-29T10:05:57.656581+00:00,9328048223,SELL,0.13,0.0,OPEN,SWING,LONDON,RANGING,B,2.0,70,70
2026-06-29T10:07:38.583169+00:00,9328077963,SELL,0.14,0.0,OPEN,SMC,LONDON,RANGING,A+,2.0,82.0,28.25
2026-06-29T10:11:00.124496+00:00,9328155097,SELL,0.14,0.0,OPEN,SMC,LONDON,RANGING,A+,2.0,82.0,28.25
2026-06-29T10:11:00.515662+00:00,9328155344,SELL,0.12,0.0,OPEN,SWING,LONDON,RANGING,B,2.0,70,70
2026-06-29T10:14:21.735287+00:00,9328241808,SELL,0.14,0.0,OPEN,SMC,LONDON,RANGING,A+,2.0,82.0,28.25
2026-06-29T10:15:21+00:00,8976693813,BUY,0.04,-12.2,LOSS,SMC,LONDON,UNKNOWN,SYNC,0,0,0
2026-06-29T10:15:21+00:00,8976693815,BUY,0.08,-23.44,LOSS,MICRO,LONDON,UNKNOWN,SYNC,0,0,0
2026-06-29T10:17:43.536734+00:00,9328325915,SELL,0.01,0.0,OPEN,SMC,LONDON,RANGING,A+,2.0,82.0,26.5
2026-06-29T17:27:33.166428+00:00,9338213350,SELL,0.07,0.0,OPEN,SMC,NEWYORK,TRENDING,A+,2.0,57.0,49.5
2026-06-29T10:24:36+00:00,8977036283,BUY,0.05,-15.0,LOSS,SMC,LONDON,UNKNOWN,SYNC,0,0,0
2026-06-29T10:29:34+00:00,8977232195,BUY,0.1,-30.6,LOSS,SMC,LONDON,UNKNOWN,SYNC,0,0,0
2026-06-29T10:35:45+00:00,8977481558,BUY,0.06,15.9,WIN,SMC,LONDON,UNKNOWN,SYNC,0,0,0
2026-06-29T10:51:31+00:00,8978056555,BUY,0.01,-3.02,LOSS,SMC,LONDON,UNKNOWN,SYNC,0,0,0
2026-06-29T11:05:35+00:00,8978697427,BUY,0.16,-48.0,LOSS,SMC,LONDON,UNKNOWN,SYNC,0,0,0
2026-06-29T11:08:37+00:00,8978842148,BUY,0.01,2.7,WIN,SMC,LONDON,UNKNOWN,SYNC,0,0,0
2026-06-29T11:31:06+00:00,8979670035,BUY,0.01,-3.07,LOSS,SMC,LONDON,UNKNOWN,SYNC,0,0,0
2026-06-29T11:35:33+00:00,8979873137,BUY,0.01,2.69,WIN,SMC,LONDON,UNKNOWN,SYNC,0,0,0
2026-06-29T11:42:22+00:00,8980167572,BUY,0.14,38.36,WIN,SMC,LONDON,UNKNOWN,SYNC,0,0,0
2026-06-29T11:44:38+00:00,8980295514,BUY,0.1,44.7,WIN,MICRO,LONDON,UNKNOWN,SYNC,0,0,0
2026-06-29T11:50:56+00:00,8980606281,BUY,0.01,2.7,WIN,SMC,LONDON,UNKNOWN,SYNC,0,0,0
2026-06-29T11:55:10+00:00,8980830627,BUY,0.01,2.64,WIN,SMC,LONDON,UNKNOWN,SYNC,0,0,0
2026-06-29T11:57:58+00:00,8980985211,BUY,0.01,4.34,WIN,MICRO,LONDON,UNKNOWN,SYNC,0,0,0
2026-06-29T11:58:08+00:00,8981003237,BUY,0.09,24.03,WIN,SMC,LONDON,UNKNOWN,SYNC,0,0,0
2026-06-29T12:01:25+00:00,8981237285,BUY,0.01,-3.0,LOSS,SMC,LONDON,UNKNOWN,SYNC,0,0,0
2026-06-29T12:01:26+00:00,8981237523,BUY,0.01,-3.0,LOSS,MICRO,LONDON,UNKNOWN,SYNC,0,0,0
2026-06-29T12:06:18+00:00,8981498025,SELL,0.01,2.75,WIN,SMC,LONDON,UNKNOWN,SYNC,0,0,0
2026-06-29T12:08:26+00:00,8981626159,SELL,0.01,2.83,WIN,SMC,LONDON,UNKNOWN,SYNC,0,0,0
2026-06-29T12:10:11+00:00,8981715472,SELL,0.01,1.02,WIN,MICRO,LONDON,UNKNOWN,SYNC,0,0,0
2026-06-29T12:12:37+00:00,8981831084,SELL,0.01,-3.03,LOSS,SMC,LONDON,UNKNOWN,SYNC,0,0,0
2026-06-29T12:25:11+00:00,8982845174,SELL,0.01,-3.0,LOSS,SMC,LONDON,UNKNOWN,SYNC,0,0,0
2026-06-29T12:27:57+00:00,8982966664,BUY,0.09,-26.01,LOSS,SMC,LONDON,UNKNOWN,SYNC,0,0,0
2026-06-29T12:32:03+00:00,8983073738,BUY,0.09,24.3,WIN,SMC,LONDON,UNKNOWN,SYNC,0,0,0
2026-06-29T12:33:09+00:00,8983114057,BUY,0.11,14.52,WIN,MICRO,LONDON,UNKNOWN,SYNC,0,0,0
2026-06-29T12:33:55+00:00,8983140430,BUY,0.09,4.86,WIN,SMC,LONDON,UNKNOWN,SYNC,0,0,0
2026-06-29T12:48:10+00:00,8983475594,BUY,0.09,24.75,WIN,SMC,LONDON,UNKNOWN,SYNC,0,0,0
2026-06-29T12:50:20+00:00,8983569858,BUY,0.12,32.16,WIN,SMC,LONDON,UNKNOWN,SYNC,0,0,0
2026-06-29T12:50:21+00:00,8983574168,BUY,0.13,58.5,WIN,MICRO,LONDON,UNKNOWN,SYNC,0,0,0
2026-06-29T12:56:56+00:00,8983802020,BUY,0.01,2.7,WIN,SMC,LONDON,UNKNOWN,SYNC,0,0,0
2026-06-29T12:57:34+00:00,8983838521,BUY,0.01,4.53,WIN,MICRO,LONDON,UNKNOWN,SYNC,0,0,0
2026-06-29T12:57:35+00:00,8983841902,BUY,0.01,2.69,WIN,SMC,LONDON,UNKNOWN,SYNC,0,0,0
2026-06-29T13:02:58+00:00,8984044952,BUY,0.01,2.59,WIN,SMC,NEWYORK,UNKNOWN,SYNC,0,0,0
2026-06-29T13:05:54+00:00,8984121644,BUY,0.14,-42.98,LOSS,SMC,NEWYORK,UNKNOWN,SYNC,0,0,0
2026-06-29T13:10:12+00:00,8984216050,BUY,0.14,-41.86,LOSS,SMC,NEWYORK,UNKNOWN,SYNC,0,0,0
2026-06-29T13:10:15+00:00,8984219029,BUY,0.13,-38.61,LOSS,SWING,NEWYORK,UNKNOWN,SYNC,0,0,0
2026-06-29T13:13:01+00:00,8984304352,BUY,0.14,-42.42,LOSS,SMC,NEWYORK,UNKNOWN,SYNC,0,0,0
2026-06-29T13:13:01+00:00,8984304353,BUY,0.12,-36.0,LOSS,SWING,NEWYORK,UNKNOWN,SYNC,0,0,0
2026-06-29T13:15:59+00:00,8984392161,BUY,0.14,55.44,WIN,SMC,NEWYORK,UNKNOWN,SYNC,0,0,0
2026-06-29T17:29:34.050030+00:00,9338252145,SELL,0.14,0.0,OPEN,MICRO,NEWYORK,TRENDING,B,1.5,2.0,2.0
2026-06-29T17:32:54.570157+00:00,9338307962,SELL,0.11,0.0,OPEN,SMC,NEWYORK,TRENDING,A+,2.0,57.0,58.25
2026-06-29T17:36:16.918061+00:00,9338354248,SELL,0.11,0.0,OPEN,SMC,NEWYORK,TRENDING,A+,2.0,57.0,58.25
2026-06-29T17:48:00.074107+00:00,9338499797,SELL,0.11,0.0,OPEN,SMC,NEWYORK,TRENDING,A+,2.0,57.0,58.25
2026-06-29T17:54:42.008331+00:00,9338593081,SELL,0.11,0.0,OPEN,SMC,NEWYORK,TRENDING,A,2.0,57.0,58.25
2026-06-29T17:58:50.955100+00:00,9338648235,SELL,0.11,0.0,OPEN,SMC,NEWYORK,TRENDING,A+,2.0,57.0,58.25
2026-06-29T18:02:12.138865+00:00,9338695219,SELL,0.11,0.0,OPEN,SMC,OFF_HOURS,TRENDING,A+,2.0,57.0,56.75
2026-06-29T18:05:33.575528+00:00,9338742947,SELL,0.11,0.0,OPEN,SMC,OFF_HOURS,TRENDING,A+,2.0,57.0,56.75
2026-06-29T18:18:22.719393+00:00,9338874632,SELL,0.11,0.0,OPEN,SMC,OFF_HOURS,TRENDING,A,2.0,57.0,56.75
2026-06-29T18:29:21.333688+00:00,9338997763,SELL,0.11,0.0,OPEN,SMC,OFF_HOURS,TRENDING,A+,2.0,57.0,56.75
2026-06-29T18:29:21.784536+00:00,9338997813,SELL,0.09,0.0,OPEN,MICRO,OFF_HOURS,TRENDING,B,1.5,2.0,2.0
2026-06-29T18:37:45.946486+00:00,9339093083,SELL,0.11,0.0,OPEN,SMC,OFF_HOURS,TRENDING,A+,2.0,57.0,56.75
2026-06-29T18:47:48.750264+00:00,9339203030,SELL,0.11,0.0,OPEN,SMC,OFF_HOURS,TRENDING,A,2.0,57.0,56.75
2026-06-29T18:49:29.607581+00:00,9339235248,SELL,0.09,0.0,OPEN,MICRO,OFF_HOURS,TRENDING,B,1.5,2.0,2.0
2026-06-29T18:51:10.459418+00:00,9339262985,SELL,0.11,0.0,OPEN,SMC,OFF_HOURS,TRENDING,A,2.0,57.0,56.75
2026-06-29T19:06:13.182838+00:00,9339476583,SELL,0.11,0.0,OPEN,SMC,OFF_HOURS,TRENDING,A,2.0,57.0,56.75
2026-06-29T19:14:35.475577+00:00,9339589736,SELL,0.11,0.0,OPEN,SMC,OFF_HOURS,TRENDING,A+,2.0,57.0,34.25
2026-06-29T19:17:56.757949+00:00,9339642738,SELL,0.11,0.0,OPEN,SMC,OFF_HOURS,TRENDING,A+,2.0,57.0,34.25
2026-06-29T19:21:18.208471+00:00,9339698282,SELL,0.07,0.0,OPEN,SMC,OFF_HOURS,TRENDING,A,2.0,57.0,34.25
2026-06-29T19:24:11.747048+00:00,9339738990,SELL,0.05,0.0,OPEN,SMC,OFF_HOURS,TRENDING,A,2.0,57.0,34.25
2026-06-29T19:27:32.983462+00:00,9339783384,SELL,0.05,0.0,OPEN,SMC,OFF_HOURS,TRENDING,A+,2.0,58.0,34.25
2026-06-29T19:31:48.827959+00:00,9339842766,SELL,0.11,0.0,OPEN,SMC,OFF_HOURS,TRENDING,A+,2.0,58.0,34.25
2026-06-29T19:35:10.027079+00:00,9339882612,SELL,0.11,0.0,OPEN,SMC,OFF_HOURS,TRENDING,A+,2.0,50.0,34.25
2026-06-29T19:40:11.597477+00:00,9339936112,SELL,0.11,0.0,OPEN,SMC,OFF_HOURS,TRENDING,A+,2.0,50.0,34.25
2026-06-29T19:45:13.234932+00:00,9339986115,SELL,0.11,0.0,OPEN,SMC,OFF_HOURS,TRENDING,A+,2.0,50.0,34.25
2026-06-29T19:48:34.553591+00:00,9340015647,SELL,0.11,0.0,OPEN,SMC,OFF_HOURS,TRENDING,A+,2.0,50.0,34.25
2026-06-29T19:51:55.856426+00:00,9340059488,SELL,0.11,0.0,OPEN,SMC,OFF_HOURS,TRENDING,A+,2.0,50.0,34.25
2026-06-29T19:51:56.195015+00:00,9340059550,SELL,0.09,0.0,OPEN,MICRO,OFF_HOURS,TRENDING,B,1.5,2.0,2.0
2026-06-29T19:56:57.827710+00:00,9340112612,SELL,0.11,0.0,OPEN,SMC,OFF_HOURS,TRENDING,A+,2.0,50.0,34.25
2026-06-29T20:31:27+00:00,8995753625,BUY,0.07,18.9,WIN,SMC,OFF_HOURS,UNKNOWN,SYNC,0,0,0
2026-06-29T20:34:33+00:00,8995807227,BUY,0.11,-22.0,LOSS,SMC,OFF_HOURS,UNKNOWN,SYNC,0,0,0
2026-06-29T20:47:29+00:00,8995988514,BUY,0.11,20.57,WIN,SMC,OFF_HOURS,UNKNOWN,SYNC,0,0,0
2026-06-29T20:54:08+00:00,8996089675,BUY,0.11,-15.51,LOSS,SMC,OFF_HOURS,UNKNOWN,SYNC,0,0,0
2026-06-29T20:58:23+00:00,8996150864,BUY,0.11,19.8,WIN,SMC,OFF_HOURS,UNKNOWN,SYNC,0,0,0
2026-06-29T21:00:27+00:00,8996182317,BUY,0.11,-16.39,LOSS,SMC,OFF_HOURS,UNKNOWN,SYNC,0,0,0
2026-06-29T21:04:36+00:00,8996242169,BUY,0.11,-16.39,LOSS,SMC,OFF_HOURS,UNKNOWN,SYNC,0,0,0
2026-06-29T21:18:07+00:00,8996403720,BUY,0.11,-16.83,LOSS,SMC,OFF_HOURS,UNKNOWN,SYNC,0,0,0
2026-06-29T21:27:27+00:00,8996514604,BUY,0.11,14.85,WIN,SMC,OFF_HOURS,UNKNOWN,SYNC,0,0,0
2026-06-29T21:47:46+00:00,8996771223,BUY,0.11,19.8,WIN,SMC,OFF_HOURS,UNKNOWN,SYNC,0,0,0
2026-06-29T21:48:13+00:00,8996781549,BUY,0.09,27.0,WIN,MICRO,OFF_HOURS,UNKNOWN,SYNC,0,0,0
2026-06-29T21:49:17+00:00,8996802703,BUY,0.11,19.8,WIN,SMC,OFF_HOURS,UNKNOWN,SYNC,0,0,0
2026-06-29T21:53:34+00:00,8996867408,BUY,0.09,-18.0,LOSS,MICRO,OFF_HOURS,UNKNOWN,SYNC,0,0,0
2026-06-29T21:55:49+00:00,8996895841,BUY,0.11,19.8,WIN,SMC,OFF_HOURS,UNKNOWN,SYNC,0,0,0
2026-06-29T22:06:01.304070+00:00,9340452224,SELL,0.11,0.0,OPEN,SMC,OFF_HOURS,TRENDING,A,2.0,50.0,32.5
2026-06-29T22:09:22.479669+00:00,9340473061,SELL,0.11,0.0,OPEN,SMC,OFF_HOURS,TRENDING,B,2.0,50.0,32.5
2026-06-29T22:12:43.826106+00:00,9340497995,SELL,0.11,0.0,OPEN,SMC,OFF_HOURS,TRENDING,A+,2.0,50.0,32.5
2026-06-29T22:13:18+00:00,8997179317,BUY,0.11,19.8,WIN,SMC,OFF_HOURS,UNKNOWN,SYNC,0,0,0
2026-06-29T22:16:05.443848+00:00,9340518519,SELL,0.11,0.0,OPEN,SMC,OFF_HOURS,TRENDING,A,2.0,50.0,32.5
2026-06-29T22:17:31+00:00,8997256280,BUY,0.11,20.13,WIN,SMC,OFF_HOURS,UNKNOWN,SYNC,0,0,0
2026-06-29T22:19:27.096711+00:00,9340537377,SELL,0.11,0.0,OPEN,SMC,OFF_HOURS,TRENDING,A,2.0,50.0,32.5
2026-06-29T22:19:40+00:00,8997299970,BUY,0.11,-22.0,LOSS,SMC,OFF_HOURS,UNKNOWN,SYNC,0,0,0
2026-06-29T22:22:48.923550+00:00,9340557770,SELL,0.01,0.0,OPEN,SMC,OFF_HOURS,TRENDING,A+,2.0,50.0,30.75
2026-06-29T22:23:34+00:00,8997363189,BUY,0.07,-14.21,LOSS,SMC,OFF_HOURS,UNKNOWN,SYNC,0,0,0
2026-06-29T22:26:10.440341+00:00,9340577710,SELL,0.01,0.0,OPEN,SMC,OFF_HOURS,TRENDING,A+,2.0,50.0,29.0
2026-06-29T22:27:51.268579+00:00,9340588122,SELL,0.01,0.0,OPEN,MICRO,OFF_HOURS,TRENDING,B,1.5,2.0,2.0
2026-06-29T22:26:12+00:00,8997402260,BUY,0.05,-15.0,LOSS,SMC,OFF_HOURS,UNKNOWN,SYNC,0,0,0
2026-06-29T22:29:32.393920+00:00,9340596064,SELL,0.01,0.0,OPEN,SMC,OFF_HOURS,TRENDING,A+,2.0,57.0,29.0
2026-06-29T22:30:38+00:00,8997471657,BUY,0.05,-15.0,LOSS,SMC,OFF_HOURS,UNKNOWN,SYNC,0,0,0
2026-06-29T22:32:15+00:00,8997501340,BUY,0.11,9.9,WIN,SMC,OFF_HOURS,UNKNOWN,SYNC,0,0,0
2026-06-29T22:39:02+00:00,8997582383,BUY,0.11,-10.89,LOSS,SMC,OFF_HOURS,UNKNOWN,SYNC,0,0,0
2026-06-29T22:44:53+00:00,8997649913,BUY,0.11,-11.0,LOSS,SMC,OFF_HOURS,UNKNOWN,SYNC,0,0,0
2026-06-29T22:46:21+00:00,8997665907,BUY,0.11,9.9,WIN,SMC,OFF_HOURS,UNKNOWN,SYNC,0,0,0
2026-06-29T22:48:55+00:00,8997692531,BUY,0.11,9.68,WIN,SMC,OFF_HOURS,UNKNOWN,SYNC,0,0,0
2026-06-29T22:55:17+00:00,8997778265,BUY,0.11,9.46,WIN,SMC,OFF_HOURS,UNKNOWN,SYNC,0,0,0
2026-06-29T22:55:57+00:00,8997787385,BUY,0.09,-9.0,LOSS,MICRO,OFF_HOURS,UNKNOWN,SYNC,0,0,0
2026-06-29T22:58:00+00:00,8997808415,BUY,0.11,-10.89,LOSS,SMC,OFF_HOURS,UNKNOWN,SYNC,0,0,0
2026-06-29T23:17:11.230412+00:00,9340927858,SELL,0.11,0.0,OPEN,SMC,OFF_HOURS,TRENDING,A,2.0,50.0,29.0
2026-06-29T23:21:12.021848+00:00,9340955317,SELL,0.05,0.0,OPEN,SMC,OFF_HOURS,TRENDING,A,2.0,50.0,29.0
2026-06-29T23:26:13.946496+00:00,9340986096,SELL,0.05,0.0,OPEN,SMC,OFF_HOURS,TRENDING,A,2.0,50.0,29.0
2026-06-29T23:26:14.375245+00:00,9340986153,SELL,0.06,0.0,OPEN,MICRO,OFF_HOURS,TRENDING,B,1.5,2.0,2.0
2026-06-29T23:32:56.645103+00:00,9341041277,SELL,0.06,0.0,OPEN,SMC,OFF_HOURS,TRENDING,A,2.0,72.0,29.0
2026-06-30T01:06:27+00:00,8998183243,BUY,0.11,9.57,WIN,SMC,ASIA,UNKNOWN,SYNC,0,0,0
2026-06-30T01:09:43+00:00,8998208309,BUY,0.11,-11.0,LOSS,SMC,ASIA,UNKNOWN,SYNC,0,0,0
2026-06-30T01:14:41+00:00,8998244438,BUY,0.11,9.9,WIN,SMC,ASIA,UNKNOWN,SYNC,0,0,0
2026-06-30T01:17:22+00:00,8998260969,BUY,0.11,-11.0,LOSS,SMC,ASIA,UNKNOWN,SYNC,0,0,0
2026-06-30T01:19:50+00:00,8998275877,BUY,0.11,-11.0,LOSS,SMC,ASIA,UNKNOWN,SYNC,0,0,0
2026-06-30T01:25:04+00:00,8998309571,BUY,0.01,0.91,WIN,SMC,ASIA,UNKNOWN,SYNC,0,0,0
2026-06-30T01:27:43+00:00,8998328029,BUY,0.01,0.9,WIN,SMC,ASIA,UNKNOWN,SYNC,0,0,0
2026-06-30T01:27:59+00:00,8998330227,BUY,0.01,-1.0,LOSS,MICRO,ASIA,UNKNOWN,SYNC,0,0,0
2026-06-30T01:30:31+00:00,8998345439,BUY,0.01,0.89,WIN,SMC,ASIA,UNKNOWN,SYNC,0,0,0
2026-06-30T02:19:10+00:00,8998708836,BUY,0.11,-11.0,LOSS,SMC,ASIA,UNKNOWN,SYNC,0,0,0
2026-06-30T02:25:50+00:00,8998757557,BUY,0.05,13.6,WIN,SMC,ASIA,UNKNOWN,SYNC,0,0,0
2026-06-30T02:31:55+00:00,8998809448,BUY,0.05,-15.0,LOSS,SMC,ASIA,UNKNOWN,SYNC,0,0,0
2026-06-30T02:31:55+00:00,8998809450,BUY,0.06,-18.0,LOSS,MICRO,ASIA,UNKNOWN,SYNC,0,0,0
2026-06-30T02:41:49+00:00,8998882553,BUY,0.06,16.2,WIN,SMC,ASIA,UNKNOWN,SYNC,0,0,0
2026-06-30T02:56:58.843044+00:00,9344212357,SELL,0.01,0.0,OPEN,MICRO,ASIA,TRENDING,B,1.5,2.0,2.0
2026-06-30T03:24:24.976572+00:00,9344632080,SELL,0.07,0.0,OPEN,MICRO,ASIA,TRENDING,B,1.5,2.0,2.0
2026-06-30T03:31:50.286140+00:00,9344764534,SELL,0.07,0.0,OPEN,MICRO,ASIA,TRENDING,B,1.5,2.0,2.0
2026-06-30T03:56:59+00:00,8999800570,BUY,0.02,45.0,WIN,MICRO,ASIA,UNKNOWN,SYNC,0,0,0
2026-06-30T04:02:20.896742+00:00,9345100324,SELL,0.11,0.0,OPEN,SMC,ASIA,TRENDING,B,2.0,62.0,54.25
2026-06-30T04:02:05+00:00,8999943220,BUY,0.01,29.99,WIN,SMC,ASIA,UNKNOWN,SYNC,0,0,0
2026-06-30T04:03:36.489253+00:00,9345116642,SELL,0.11,0.0,OPEN,SMC,ASIA,TRENDING,A+,2.0,57.0,56.0
2026-06-30T04:07:38.679325+00:00,9345159494,SELL,0.11,0.0,OPEN,SMC,ASIA,TRENDING,A,2.0,57.0,56.0
2026-06-30T04:07:12+00:00,9000138126,BUY,0.02,30.0,WIN,MICRO,ASIA,UNKNOWN,SYNC,0,0,0
2026-06-30T04:07:15+00:00,9000149949,BUY,0.02,40.02,WIN,SMC,ASIA,UNKNOWN,SYNC,0,0,0
2026-06-30T04:08:40.163036+00:00,9345173170,SELL,0.09,0.0,OPEN,MICRO,ASIA,TRENDING,B,1.5,2.0,2.0
2026-06-30T04:08:30+00:00,9000310503,BUY,0.03,-30.0,LOSS,MICRO,ASIA,UNKNOWN,SYNC,0,0,0
2026-06-30T04:08:30+00:00,9000310688,BUY,0.01,-11.56,LOSS,SMC,ASIA,UNKNOWN,SYNC,0,0,0
2026-06-30T04:13:04.230593+00:00,9345218814,SELL,0.11,0.0,OPEN,SMC,ASIA,TRENDING,B,2.0,57.0,56.0
2026-06-30T04:17:06.651476+00:00,9345262590,SELL,0.11,0.0,OPEN,SMC,ASIA,TRENDING,B,2.0,57.0,56.0
2026-06-30T04:17:43+00:00,9000529812,BUY,0.01,3.78,WIN,SMC,ASIA,UNKNOWN,SYNC,0,0,0
2026-06-30T04:19:09.530035+00:00,9345285093,BUY,0.1,0.0,OPEN,MICRO,ASIA,TRENDING,B,1.5,2.0,2.0
2026-06-30T04:21:44.330542+00:00,9345316958,SELL,0.05,0.0,OPEN,SMC,ASIA,TRENDING,B,2.0,62.0,57.75
2026-06-30T04:30:06.129422+00:00,9345429687,SELL,0.03,0.0,OPEN,SMC,ASIA,TRENDING,B,2.0,57.0,57.75
2026-06-30T04:31:07.047930+00:00,9345458718,BUY,0.05,0.0,OPEN,MICRO,ASIA,TRENDING,B,1.5,2.0,2.0
2026-06-30T04:35:10.218043+00:00,9345554140,SELL,0.06,0.0,OPEN,SMC,ASIA,TRENDING,A+,2.0,57.0,57.75
2026-06-30T04:42:14.290971+00:00,9345671725,SELL,0.06,0.0,OPEN,SMC,ASIA,TRENDING,A+,2.0,57.0,35.25
2026-06-30T04:42:14.887650+00:00,9345671855,SELL,0.05,0.0,OPEN,MICRO,ASIA,TRENDING,B,1.5,2.0,2.0
2026-06-30T04:48:18.913856+00:00,9345772178,SELL,0.03,0.0,OPEN,SMC,ASIA,TRENDING,B,2.0,57.0,35.25
2026-06-30T04:48:15+00:00,9001127308,BUY,0.01,3.49,WIN,SMC,ASIA,UNKNOWN,SYNC,0,0,0
2026-06-30T04:49:20.588397+00:00,9345785511,SELL,0.05,0.0,OPEN,MICRO,ASIA,TRENDING,B,1.5,2.0,2.0
2026-06-30T04:50:35.228653+00:00,9345809083,SELL,0.08,0.0,OPEN,SMC,ASIA,TRENDING,A,2.0,70.0,35.25
2026-06-30T05:00:40.059487+00:00,9345937307,SELL,0.06,0.0,OPEN,SMC,ASIA,TRENDING,A+,2.0,57.0,35.25
2026-06-30T05:00:40.560519+00:00,9345937461,SELL,0.05,0.0,OPEN,MICRO,ASIA,TRENDING,B,1.5,2.0,2.0
2026-06-30T06:00:14+00:00,9002339055,BUY,0.01,-3.0,LOSS,MICRO,ASIA,UNKNOWN,SYNC,0,0,0
2026-06-30T06:24:01.709208+00:00,9347221039,SELL,0.04,0.0,OPEN,SMC,ASIA,TRENDING,A+,2.0,57.0,35.25
2026-06-30T06:29:09+00:00,9002819962,BUY,0.07,3.71,WIN,MICRO,ASIA,UNKNOWN,SYNC,0,0,0
2026-06-30T06:36:44+00:00,9002947499,BUY,0.07,-22.26,LOSS,MICRO,ASIA,UNKNOWN,SYNC,0,0,0
2026-06-30T07:01:34+00:00,9003227134,BUY,0.01,-15.0,LOSS,SMC,ASIA,UNKNOWN,SYNC,0,0,0
2026-06-30T07:02:35+00:00,9003247965,BUY,0.11,10.23,WIN,SMC,ASIA,UNKNOWN,SYNC,0,0,0
2026-06-30T07:08:55+00:00,9003327927,BUY,0.09,-18.0,LOSS,MICRO,ASIA,UNKNOWN,SYNC,0,0,0
2026-06-30T07:12:45+00:00,9003371992,BUY,0.11,-22.0,LOSS,SMC,ASIA,UNKNOWN,SYNC,0,0,0
2026-06-30T07:14:39+00:00,9003393266,BUY,0.11,-11.0,LOSS,SMC,ASIA,UNKNOWN,SYNC,0,0,0
2026-06-30T07:17:18+00:00,9003425052,BUY,0.11,-10.89,LOSS,SMC,ASIA,UNKNOWN,SYNC,0,0,0
2026-06-30T07:21:27+00:00,9003476875,SELL,0.1,15.0,WIN,MICRO,ASIA,UNKNOWN,SYNC,0,0,0
2026-06-30T07:29:35+00:00,9003593763,BUY,0.05,-25.0,LOSS,SMC,ASIA,UNKNOWN,SYNC,0,0,0
2026-06-30T07:30:41+00:00,9003629341,BUY,0.03,-15.03,LOSS,SMC,ASIA,UNKNOWN,SYNC,0,0,0
2026-06-30T07:34:31+00:00,9003731051,SELL,0.05,37.5,WIN,MICRO,ASIA,UNKNOWN,SYNC,0,0,0
2026-06-30T07:42:05+00:00,9003880912,BUY,0.06,26.58,WIN,SMC,ASIA,UNKNOWN,SYNC,0,0,0
2026-06-30T07:47:22+00:00,9003980837,BUY,0.06,27.18,WIN,SMC,ASIA,UNKNOWN,SYNC,0,0,0
2026-06-30T07:48:30+00:00,9004002587,BUY,0.05,24.65,WIN,MICRO,ASIA,UNKNOWN,SYNC,0,0,0
2026-06-30T07:49:50+00:00,9004023538,BUY,0.03,-15.0,LOSS,SMC,ASIA,UNKNOWN,SYNC,0,0,0
2026-06-30T07:50:08+00:00,9004030023,BUY,0.05,-25.0,LOSS,MICRO,ASIA,UNKNOWN,SYNC,0,0,0
2026-06-30T08:00:26+00:00,9004176555,BUY,0.08,36.0,WIN,SMC,LONDON,UNKNOWN,SYNC,0,0,0
2026-06-30T08:23:13+00:00,9004526056,BUY,0.06,7.44,WIN,SMC,LONDON,UNKNOWN,SYNC,0,0,0
2026-06-30T08:23:13+00:00,9004526166,BUY,0.05,3.65,WIN,MICRO,LONDON,UNKNOWN,SYNC,0,0,0
2026-06-30T08:30:55+00:00,9004668719,BUY,0.11,31.24,WIN,SMC,LONDON,UNKNOWN,SYNC,0,0,0
2026-06-30T09:05:52+00:00,9005251570,BUY,0.03,-30.06,LOSS,MICRO,LONDON,UNKNOWN,SYNC,0,0,0
2026-06-30T09:05:53+00:00,9005252198,BUY,0.03,-30.03,LOSS,SMC,LONDON,UNKNOWN,SYNC,0,0,0
2026-06-30T09:23:42+00:00,9005595727,BUY,0.03,-29.88,LOSS,SMC,LONDON,UNKNOWN,SYNC,0,0,0
2026-06-30T09:24:31+00:00,9005640213,BUY,0.04,-19.4,LOSS,SMC,LONDON,UNKNOWN,SYNC,0,0,0
2026-06-30T09:31:55.650587+00:00,9350832774,SELL,0.01,0.0,OPEN,MICRO,LONDON,RANGING,B,1.5,2.0,2.0
2026-06-30T09:32:24+00:00,9005929948,BUY,0.01,-15.0,LOSS,SMC,LONDON,UNKNOWN,SYNC,0,0,0
2026-06-30T10:28:28.943636+00:00,9351782011,SELL,0.01,0.0,OPEN,SMC,LONDON,TRENDING,A,2.0,82.0,49.5
2026-06-30T11:13:45.157955+00:00,9352524223,SELL,0.05,0.0,OPEN,SMC,LONDON,TRENDING,A,2.0,82.0,49.5
2026-06-30T12:10:06.209802+00:00,9353549086,SELL,0.05,0.0,OPEN,SMC,LONDON,TRENDING,A+,2.0,82.0,49.5
2026-06-30T12:10:06.634747+00:00,9353549268,SELL,0.03,0.0,OPEN,MICRO,LONDON,TRENDING,B,1.5,2.0,2.0
2026-06-30T11:45:04+00:00,9008879166,BUY,0.03,13.14,WIN,SMC,LONDON,UNKNOWN,SYNC,0,0,0
2026-06-30T12:02:56+00:00,9009201660,BUY,0.02,4.34,WIN,SMC,LONDON,UNKNOWN,SYNC,0,0,0
2026-06-30T12:22:12.446722+00:00,9353825549,SELL,0.11,0.0,OPEN,SMC,LONDON,TRENDING,ELITE,2.0,82.0,51.25
2026-06-30T12:24:13.765915+00:00,9353890524,SELL,0.04,0.0,OPEN,MICRO,LONDON,TRENDING,B,1.5,2.0,2.0
2026-06-30T12:35:16.560218+00:00,9354195804,SELL,0.07,0.0,OPEN,SMC,LONDON,TRENDING,A,2.0,57.0,51.25
2026-06-30T12:39:18.847353+00:00,9354312311,SELL,0.07,0.0,OPEN,SMC,LONDON,TRENDING,A+,2.0,57.0,51.25
2026-06-30T13:05:26.914745+00:00,9354945541,SELL,0.07,0.0,OPEN,SMC,NEWYORK,TRENDING,A+,2.0,57.0,51.25
2026-06-30T12:44:58+00:00,9009939895,BUY,0.01,-5.01,LOSS,MICRO,LONDON,UNKNOWN,SYNC,0,0,0
2026-06-30T13:08:28.822798+00:00,9355035197,BUY,0.01,0.0,OPEN,MICRO,NEWYORK,TRENDING,B,1.5,2.0,2.0
2026-06-30T13:19:34.399814+00:00,9355356151,SELL,0.01,0.0,OPEN,SMC,NEWYORK,TRENDING,ELITE,2.0,50.0,51.25
2026-06-30T13:23:36.406249+00:00,9355501372,SELL,0.01,0.0,OPEN,SMC,NEWYORK,RANGING,A+,2.0,50.0,50.75
2026-06-30T13:24:37.388894+00:00,9355536506,SELL,0.01,0.0,OPEN,MICRO,NEWYORK,RANGING,B,1.5,2.0,2.0
2026-06-30T13:35:40.068360+00:00,9355816865,SELL,0.01,0.0,OPEN,SMC,NEWYORK,RANGING,A+,2.0,82.0,50.75
2026-06-30T13:28:27+00:00,9010781667,BUY,0.02,-20.38,LOSS,SMC,NEWYORK,UNKNOWN,SYNC,0,0,0
2026-06-30T13:36:41.300474+00:00,9355846799,SELL,0.01,0.0,OPEN,MICRO,NEWYORK,RANGING,B,1.5,2.0,2.0
2026-06-30T13:39:43.067086+00:00,9355933779,SELL,0.01,0.0,OPEN,SMC,NEWYORK,RANGING,A+,2.0,50.0,49.0
2026-06-30T13:43:45.151836+00:00,9356037400,SELL,0.01,0.0,OPEN,SMC,NEWYORK,RANGING,A+,2.0,82.0,49.0
2026-06-30T13:47:47.460437+00:00,9356148547,SELL,0.01,0.0,OPEN,SMC,NEWYORK,RANGING,A+,2.0,82.0,49.0
2026-06-30T13:53:53.406846+00:00,9356302282,SELL,0.01,0.0,OPEN,SMC,NEWYORK,RANGING,A+,2.0,82.0,49.0
2026-06-30T13:58:58.148137+00:00,9356424260,SELL,0.01,0.0,OPEN,SMC,NEWYORK,RANGING,A+,2.0,82.0,49.0
2026-06-30T14:20:05.492845+00:00,9357197679,SELL,0.01,0.0,OPEN,SMC,NEWYORK,RANGING,A+,2.0,82.0,49.0
2026-06-30T14:13:08+00:00,9011594401,BUY,0.01,-5.02,LOSS,SMC,NEWYORK,UNKNOWN,SYNC,0,0,0
2026-06-30T14:23:07.638578+00:00,9357355658,BUY,0.01,0.0,OPEN,MICRO,NEWYORK,RANGING,B,1.5,2.0,2.0
2026-06-30T14:35:11.118889+00:00,9357841328,SELL,0.01,0.0,OPEN,SMC,NEWYORK,RANGING,A+,2.0,82.0,26.5
2026-06-30T14:38:12.974496+00:00,9357936627,SELL,0.01,0.0,OPEN,MICRO,NEWYORK,RANGING,B,1.5,2.0,2.0
2026-06-30T14:39:13.919486+00:00,9357972523,SELL,0.01,0.0,OPEN,SMC,NEWYORK,RANGING,A+,2.0,82.0,26.5
2026-06-30T14:43:16.554930+00:00,9358082026,SELL,0.01,0.0,OPEN,SMC,NEWYORK,RANGING,ELITE,2.0,82.0,26.5
2026-06-30T14:47:19.526622+00:00,9358192161,SELL,0.01,0.0,OPEN,SMC,NEWYORK,RANGING,A+,2.0,82.0,26.5
2026-06-30T15:05:25.101819+00:00,9358720115,SELL,0.01,0.0,OPEN,SMC,NEWYORK,RANGING,A+,2.0,82.0,26.5
2026-06-30T15:05:25.881185+00:00,9358720439,SELL,0.01,0.0,OPEN,MICRO,NEWYORK,RANGING,B,1.5,2.0,2.0
2026-06-30T15:09:28.032862+00:00,9358823879,SELL,0.01,0.0,OPEN,SMC,NEWYORK,RANGING,A+,2.0,82.0,26.5
2026-06-30T15:10:04+00:00,9012757750,BUY,0.05,22.45,WIN,SMC,NEWYORK,UNKNOWN,SYNC,0,0,0
2026-06-30T15:18:32.587136+00:00,9359064446,SELL,0.01,0.0,OPEN,SMC,NEWYORK,RANGING,A+,2.0,82.0,26.5
2026-06-30T15:18:33.103302+00:00,9359064893,SELL,0.01,0.0,OPEN,MICRO,NEWYORK,RANGING,B,1.5,2.0,2.0
2026-06-30T15:21:29+00:00,9013040170,BUY,0.05,22.6,WIN,SMC,NEWYORK,UNKNOWN,SYNC,0,0,0
2026-06-30T15:23:36.047286+00:00,9359215038,SELL,0.09,0.0,OPEN,SMC,NEWYORK,RANGING,A+,2.0,82.0,28.25
2026-06-30T15:23:42+00:00,9013115764,BUY,0.03,22.83,WIN,MICRO,NEWYORK,UNKNOWN,SYNC,0,0,0
2026-06-30T15:25:42+00:00,9013192796,BUY,0.11,46.31,WIN,SMC,NEWYORK,UNKNOWN,SYNC,0,0,0
2026-06-30T15:45:45.131169+00:00,9359669522,SELL,0.1,0.0,OPEN,SMC,NEWYORK,RANGING,A+,2.0,82.0,30.0
2026-06-30T15:36:40+00:00,9013535361,BUY,0.07,31.57,WIN,SMC,NEWYORK,UNKNOWN,SYNC,0,0,0
2026-06-30T16:01:51.603866+00:00,9360007679,SELL,0.1,0.0,OPEN,SMC,NEWYORK,RANGING,A+,2.0,82.0,31.75
2026-06-30T15:56:44+00:00,9014029073,BUY,0.07,31.85,WIN,SMC,NEWYORK,UNKNOWN,SYNC,0,0,0
2026-06-30T15:58:08+00:00,9014074790,BUY,0.04,30.0,WIN,MICRO,NEWYORK,UNKNOWN,SYNC,0,0,0
2026-06-30T16:47:09.045742+00:00,9360797617,SELL,0.1,0.0,OPEN,SMC,NEWYORK,RANGING,A,2.0,82.0,33.5
2026-06-30T16:07:58+00:00,9014411011,BUY,0.07,-35.0,LOSS,SMC,NEWYORK,UNKNOWN,SYNC,0,0,0
2026-06-30T16:18:39+00:00,9014757207,SELL,0.01,7.61,WIN,MICRO,NEWYORK,UNKNOWN,SYNC,0,0,0
2026-06-30T16:20:12+00:00,9014825025,BUY,0.01,-4.97,LOSS,SMC,NEWYORK,UNKNOWN,SYNC,0,0,0
2026-06-30T16:24:40+00:00,9014999354,BUY,0.01,4.4,WIN,SMC,NEWYORK,UNKNOWN,SYNC,0,0,0
2026-06-30T16:30:25+00:00,9015162542,BUY,0.01,-5.1,LOSS,MICRO,NEWYORK,UNKNOWN,SYNC,0,0,0
2026-06-30T16:36:53+00:00,9015359158,BUY,0.01,4.49,WIN,SMC,NEWYORK,UNKNOWN,SYNC,0,0,0
2026-06-30T16:40:31+00:00,9015480371,BUY,0.01,-5.02,LOSS,SMC,NEWYORK,UNKNOWN,SYNC,0,0,0
2026-06-30T16:43:40+00:00,9015566314,BUY,0.01,-5.4,LOSS,MICRO,NEWYORK,UNKNOWN,SYNC,0,0,0
2026-06-30T16:46:57+00:00,9015674097,BUY,0.01,-4.94,LOSS,SMC,NEWYORK,UNKNOWN,SYNC,0,0,0
2026-06-30T16:58:16.385214+00:00,9360952107,SELL,0.01,0.0,OPEN,SMC,NEWYORK,RANGING,ELITE,2.0,82.0,30.0
2026-06-30T16:58:16.885239+00:00,9360952277,SELL,0.01,0.0,OPEN,MICRO,NEWYORK,RANGING,B,1.5,2.0,2.0
2026-06-30T16:53:23+00:00,9015847688,BUY,0.01,-5.23,LOSS,SMC,NEWYORK,UNKNOWN,SYNC,0,0,0
2026-06-30T16:58:16+00:00,9015988656,BUY,0.01,4.03,WIN,SMC,NEWYORK,UNKNOWN,SYNC,0,0,0
2026-06-30T17:09:22.019145+00:00,9361152921,SELL,0.01,0.0,OPEN,SMC,NEWYORK,RANGING,A+,2.0,82.0,30.0
2026-06-30T17:09:16+00:00,9016327078,BUY,0.01,-5.05,LOSS,SMC,NEWYORK,UNKNOWN,SYNC,0,0,0
2026-06-30T17:18:26.897806+00:00,9361308332,SELL,0.01,0.0,OPEN,SMC,NEWYORK,RANGING,A,2.0,82.0,30.0
2026-06-30T17:21:26+00:00,9016980034,BUY,0.01,-5.58,LOSS,SMC,NEWYORK,UNKNOWN,SYNC,0,0,0
2026-06-30T17:27:31.150382+00:00,9361447512,SELL,0.01,0.0,OPEN,SMC,NEWYORK,RANGING,A+,2.0,82.0,30.0
2026-06-30T17:24:36+00:00,9017211431,SELL,0.01,7.47,WIN,MICRO,NEWYORK,UNKNOWN,SYNC,0,0,0
2026-06-30T17:31:33.942380+00:00,9361533306,SELL,0.01,0.0,OPEN,SMC,NEWYORK,RANGING,A,2.0,82.0,30.0
2026-06-30T17:38:43+00:00,9017753992,BUY,0.01,4.54,WIN,SMC,NEWYORK,UNKNOWN,SYNC,0,0,0
2026-06-30T17:40:03+00:00,9017806649,BUY,0.01,-5.03,LOSS,SMC,NEWYORK,UNKNOWN,SYNC,0,0,0
2026-06-30T17:46:45+00:00,9018000216,BUY,0.01,4.19,WIN,SMC,NEWYORK,UNKNOWN,SYNC,0,0,0
2026-06-30T17:53:27.455063+00:00,9361755490,SELL,0.1,0.0,OPEN,SMC,NEWYORK,RANGING,A,2.0,82.0,30.0
2026-06-30T18:00:31.462978+00:00,9361832311,SELL,0.07,0.0,OPEN,SMC,OFF_HOURS,RANGING,A,2.0,82.0,51.0
2026-06-30T17:57:10+00:00,9018322524,BUY,0.01,4.5,WIN,SMC,NEWYORK,UNKNOWN,SYNC,0,0,0
2026-06-30T17:57:14+00:00,9018324931,BUY,0.01,7.13,WIN,MICRO,NEWYORK,UNKNOWN,SYNC,0,0,0
2026-06-30T18:32:47.052511+00:00,9362197295,SELL,0.08,0.0,OPEN,SMC,OFF_HOURS,TRENDING,A,2.0,82.0,30.75
2026-06-30T18:32:47.524921+00:00,9362197481,SELL,0.03,0.0,OPEN,MICRO,OFF_HOURS,TRENDING,B,1.5,2.0,2.0
2026-06-30T18:06:59+00:00,9018661514,BUY,0.01,-5.04,LOSS,SMC,OFF_HOURS,UNKNOWN,SYNC,0,0,0
2026-06-30T18:06:59+00:00,9018661517,BUY,0.01,-4.97,LOSS,MICRO,OFF_HOURS,UNKNOWN,SYNC,0,0,0
2026-06-30T18:17:45+00:00,9018957009,BUY,0.01,4.47,WIN,SMC,OFF_HOURS,UNKNOWN,SYNC,0,0,0
2026-06-30T18:22:39+00:00,9019132440,BUY,0.01,4.43,WIN,SMC,OFF_HOURS,UNKNOWN,SYNC,0,0,0
2026-06-30T18:45:20+00:00,9019653590,BUY,0.09,-45.18,LOSS,SMC,OFF_HOURS,UNKNOWN,SYNC,0,0,0
2026-06-30T18:45:22+00:00,9019655191,BUY,0.01,-5.0,LOSS,MICRO,OFF_HOURS,UNKNOWN,SYNC,0,0,0
2026-06-30T19:01:07+00:00,9020026219,BUY,0.1,45.0,WIN,SMC,OFF_HOURS,UNKNOWN,SYNC,0,0,0
2026-06-30T19:46:19+00:00,9020910555,BUY,0.1,-50.0,LOSS,SMC,OFF_HOURS,UNKNOWN,SYNC,0,0,0
2026-06-30T19:57:33+00:00,9021088895,BUY,0.1,45.0,WIN,SMC,OFF_HOURS,UNKNOWN,SYNC,0,0,0
2026-06-30T20:08:22+00:00,9021305335,BUY,0.01,4.56,WIN,SMC,OFF_HOURS,UNKNOWN,SYNC,0,0,0
2026-06-30T20:15:35+00:00,9021446973,BUY,0.01,3.15,WIN,MICRO,OFF_HOURS,UNKNOWN,SYNC,0,0,0
2026-06-30T20:18:00+00:00,9021496218,BUY,0.01,-5.03,LOSS,SMC,OFF_HOURS,UNKNOWN,SYNC,0,0,0
2026-06-30T20:27:29+00:00,9021657454,BUY,0.01,4.48,WIN,SMC,OFF_HOURS,UNKNOWN,SYNC,0,0,0
2026-06-30T20:30:48+00:00,9021733340,BUY,0.01,-5.0,LOSS,SMC,OFF_HOURS,UNKNOWN,SYNC,0,0,0
2026-06-30T20:52:12+00:00,9021978331,BUY,0.01,-5.0,LOSS,SMC,OFF_HOURS,UNKNOWN,SYNC,0,0,0
2026-06-30T20:59:50+00:00,9022066170,BUY,0.1,13.3,WIN,SMC,OFF_HOURS,UNKNOWN,SYNC,0,0,0
2026-06-30T21:32:25+00:00,9022483803,BUY,0.07,7.49,WIN,SMC,OFF_HOURS,UNKNOWN,SYNC,0,0,0
2026-06-30T23:44:25.174538+00:00,9364591474,SELL,0.04,0.0,OPEN,SMC,OFF_HOURS,RANGING,A,2.0,57.0,52.75
2026-06-30T22:06:42+00:00,9023082823,BUY,0.08,36.24,WIN,SMC,OFF_HOURS,UNKNOWN,SYNC,0,0,0
2026-06-30T22:24:34+00:00,9023409491,BUY,0.03,22.5,WIN,MICRO,OFF_HOURS,UNKNOWN,SYNC,0,0,0
2026-07-01T00:00:40.895501+00:00,9364711457,SELL,0.06,0.0,OPEN,SMC,ASIA,RANGING,A,2.0,57.0,33.0
2026-07-01T00:19:52.609456+00:00,9364850531,SELL,0.06,0.0,OPEN,SMC,ASIA,RANGING,A,2.0,57.0,33.0
2026-07-01T00:19:53.348412+00:00,9364850801,SELL,0.07,0.0,OPEN,MICRO,ASIA,RANGING,B,1.5,2.0,2.0
2026-07-01T01:21:20.448557+00:00,9365595079,SELL,0.05,0.0,OPEN,SMC,ASIA,RANGING,ELITE,2.0,57.0,33.0
2026-07-01T01:31:25.228830+00:00,9365745454,SELL,0.08,0.0,OPEN,SMC,ASIA,TRENDING,ELITE,2.0,57.0,33.5
2026-07-01T01:34:27.117497+00:00,9365804052,SELL,0.06,0.0,OPEN,MICRO,ASIA,TRENDING,B,1.5,2.0,2.0
2026-07-01T01:35:28.118346+00:00,9365820521,SELL,0.11,0.0,OPEN,SMC,ASIA,TRENDING,ELITE,2.0,57.0,33.5
2026-07-01T01:56:37.357350+00:00,9366144945,SELL,0.08,0.0,OPEN,SMC,ASIA,TRENDING,A+,2.0,57.0,33.5
2026-07-01T02:05:41.792653+00:00,9366235273,SELL,0.08,0.0,OPEN,SMC,ASIA,TRENDING,A+,2.0,57.0,33.5
2026-07-01T02:05:42.296977+00:00,9366235430,SELL,0.06,0.0,OPEN,MICRO,ASIA,TRENDING,B,1.5,2.0,2.0
2026-07-01T02:09:44.867500+00:00,9366288771,SELL,0.08,0.0,OPEN,SMC,ASIA,TRENDING,A+,2.0,57.0,33.5
2026-07-01T03:00:22+00:00,9025241905,BUY,0.04,9.04,WIN,SMC,ASIA,UNKNOWN,SYNC,0,0,0
2026-07-01T03:19:50+00:00,9025394254,BUY,0.06,27.0,WIN,SMC,ASIA,UNKNOWN,SYNC,0,0,0
2026-07-01T04:21:08+00:00,9026223866,BUY,0.06,102.36,WIN,SMC,ASIA,UNKNOWN,SYNC,0,0,0
2026-07-01T04:30:36+00:00,9026370762,BUY,0.05,-25.1,LOSS,SMC,ASIA,UNKNOWN,SYNC,0,0,0
2026-07-01T04:33:20+00:00,9026421982,BUY,0.08,36.0,WIN,SMC,ASIA,UNKNOWN,SYNC,0,0,0
2026-07-01T04:49:23+00:00,9026706653,BUY,0.06,-2.16,LOSS,MICRO,ASIA,UNKNOWN,SYNC,0,0,0
2026-07-01T04:56:08+00:00,9026808652,BUY,0.11,17.6,WIN,SMC,ASIA,UNKNOWN,SYNC,0,0,0
2026-07-01T05:05:26+00:00,9026902958,BUY,0.08,36.48,WIN,SMC,ASIA,UNKNOWN,SYNC,0,0,0
2026-07-01T05:20:04+00:00,9027088843,BUY,0.06,-56.1,LOSS,MICRO,ASIA,UNKNOWN,SYNC,0,0,0
2026-07-01T06:10:00+00:00,9027590152,BUY,0.08,-107.84,LOSS,SMC,ASIA,UNKNOWN,SYNC,0,0,0
2026-07-01T06:37:11+00:00,9027875050,BUY,0.03,13.98,WIN,SMC,ASIA,UNKNOWN,SYNC,0,0,0
2026-07-01T07:16:04+00:00,9028265325,BUY,0.02,5.88,WIN,SMC,ASIA,UNKNOWN,SYNC,0,0,0
2026-07-01T08:45:51.242795+00:00,9371494621,SELL,0.11,0.0,OPEN,SMC,LONDON,TRENDING,A+,2.0,57.0,60.0
2026-07-01T08:58:57.479176+00:00,9371669096,SELL,0.11,0.0,OPEN,SMC,LONDON,TRENDING,A+,2.0,57.0,60.0
2026-07-01T08:58:58.015312+00:00,9371669291,SELL,0.09,0.0,OPEN,MICRO,LONDON,TRENDING,B,1.5,2.0,2.0
2026-07-01T09:06:02.126426+00:00,9371768123,SELL,0.11,0.0,OPEN,SMC,LONDON,TRENDING,A+,2.0,57.0,37.5
2026-07-01T09:19:08.256506+00:00,9371950895,SELL,0.11,0.0,OPEN,SMC,LONDON,TRENDING,A+,2.0,57.0,37.5
2026-07-01T09:10:52+00:00,9029871021,BUY,0.02,15.56,WIN,SMC,LONDON,UNKNOWN,SYNC,0,0,0
2026-07-01T09:16:22+00:00,9029979112,BUY,0.02,18.46,WIN,MICRO,LONDON,UNKNOWN,SYNC,0,0,0
2026-07-01T09:50:26.594572+00:00,9372401499,SELL,0.11,0.0,OPEN,SMC,LONDON,TRENDING,A+,2.0,57.0,39.25
2026-07-01T10:31:45.343877+00:00,9373086328,SELL,0.07,0.0,OPEN,SMC,LONDON,TRENDING,A+,2.0,57.0,39.25
2026-07-01T10:38:49.324359+00:00,9373237684,SELL,0.08,0.0,OPEN,SMC,LONDON,TRENDING,A,2.0,57.0,39.25
2026-07-01T10:40:50.789797+00:00,9373271432,SELL,0.07,0.0,OPEN,MICRO,LONDON,TRENDING,B,1.5,2.0,2.0
2026-07-01T10:43:52.760200+00:00,9373323793,SELL,0.11,0.0,OPEN,SMC,LONDON,TRENDING,ELITE,2.0,57.0,39.25
2026-07-01T10:50:56.613561+00:00,9373439219,SELL,0.08,0.0,OPEN,SMC,LONDON,TRENDING,A,2.0,57.0,39.25
2026-07-01T10:58:00.294401+00:00,9373580151,SELL,0.05,0.0,OPEN,SMC,LONDON,RANGING,A+,2.0,57.0,38.75
2026-07-01T11:02:02.992284+00:00,9373690281,SELL,0.05,0.0,OPEN,SMC,LONDON,RANGING,A,2.0,57.0,38.75
2026-07-01T11:04:04.532716+00:00,9373760576,BUY,0.07,0.0,OPEN,MICRO,LONDON,RANGING,B,1.5,2.0,2.0
2026-07-01T11:11:08.727197+00:00,9373971023,SELL,0.1,0.0,OPEN,SMC,LONDON,RANGING,A+,2.0,82.0,38.75
2026-07-01T11:19:12.968921+00:00,9374234408,SELL,0.1,0.0,OPEN,SMC,LONDON,RANGING,A+,2.0,82.0,38.75
2026-07-01T11:17:10+00:00,9032233173,BUY,0.04,-55.04,LOSS,SMC,LONDON,UNKNOWN,SYNC,0,0,0
2026-07-01T11:30:18.973017+00:00,9374555679,SELL,0.1,0.0,OPEN,SMC,LONDON,RANGING,A+,2.0,82.0,37.0
2026-07-01T11:44:25.737856+00:00,9374853739,SELL,0.1,0.0,OPEN,SMC,LONDON,RANGING,A+,2.0,82.0,37.0
2026-07-01T11:50:29.283265+00:00,9375015289,SELL,0.04,0.0,OPEN,SMC,LONDON,RANGING,A,2.0,50.0,37.0
2026-07-01T11:54:32.620842+00:00,9375110304,SELL,0.05,0.0,OPEN,SMC,LONDON,RANGING,A+,2.0,50.0,37.0
2026-07-01T12:02:36.979600+00:00,9375281383,SELL,0.05,0.0,OPEN,SMC,LONDON,RANGING,A+,2.0,50.0,37.0
2026-07-01T11:58:44+00:00,9032999270,BUY,0.11,49.5,WIN,SMC,LONDON,UNKNOWN,SYNC,0,0,0
2026-07-01T12:03:38.496798+00:00,9375314973,SELL,0.06,0.0,OPEN,MICRO,LONDON,RANGING,B,1.5,2.0,2.0
2026-07-01T12:05:33+00:00,9033108463,BUY,0.11,-54.34,LOSS,SMC,LONDON,UNKNOWN,SYNC,0,0,0
2026-07-01T12:05:33+00:00,9033108491,BUY,0.09,-45.0,LOSS,MICRO,LONDON,UNKNOWN,SYNC,0,0,0
2026-07-01T12:07:41.777187+00:00,9375423053,SELL,0.01,0.0,OPEN,SMC,LONDON,RANGING,A+,2.0,82.0,37.0
2026-07-02T02:03:01.847645+00:00,152285518076,SELL,0.1,0.0,OPEN,SMC,ASIA,RANGING,A+,2.0,82.0,36.5
2026-07-02T02:03:02.600450+00:00,152285518109,SELL,0.07,0.0,OPEN,MICRO,ASIA,RANGING,B,1.5,2.0,2.0
2026-07-02T02:07:05.792521+00:00,152285533153,SELL,0.1,0.0,OPEN,SMC,ASIA,RANGING,A+,2.0,82.0,36.5
2026-07-02T02:15:10.604797+00:00,152285556805,SELL,0.1,0.0,OPEN,SMC,ASIA,RANGING,A+,2.0,74.0,36.5
2026-07-02T02:30:58.105165+00:00,152285599160,SELL,0.06,0.0,OPEN,SMC,ASIA,RANGING,ELITE,2.0,50.0,36.5
2026-07-02T02:30:58.954965+00:00,152285599179,SELL,0.07,0.0,OPEN,MICRO,ASIA,RANGING,B,1.5,2.0,2.0
2026-07-02T03:06:22.367112+00:00,9388677732,SELL,0.01,0.0,OPEN,SMC,ASIA,RANGING,B,1.93,50.0,36.5
2026-07-02T03:39:00.736516+00:00,57366341182,SELL,0.01,0.0,OPEN,SMC,ASIA,RANGING,B,1.93,50.0,36.5
2026-07-02T03:51:07.167718+00:00,57366465902,SELL,0.01,0.0,OPEN,SMC,ASIA,TRENDING,B,1.98,50.0,37.0
2026-07-02T03:59:09.252616+00:00,57366564735,SELL,0.01,0.0,OPEN,SMC,ASIA,RANGING,B,1.93,50.0,36.5
2026-07-02T04:19:18.523968+00:00,57366750094,SELL,0.01,0.0,OPEN,SMC,ASIA,TRENDING,B,1.98,50.0,37.0
2026-07-02T04:19:18.963556+00:00,57366750403,SELL,0.01,0.0,OPEN,MICRO,ASIA,TRENDING,B,1.57,2.0,2.0
2026-07-02T04:32:27.467210+00:00,57366882165,SELL,0.01,0.0,OPEN,SMC,ASIA,TRENDING,B,1.99,50.0,37.0
2026-07-02T05:00:40.539447+00:00,57367136694,BUY,0.01,0.0,OPEN,SMC,ASIA,TRENDING,C,2.05,62.0,37.0
2026-07-02T05:11:45.979290+00:00,57367266430,BUY,0.01,0.0,OPEN,SMC,ASIA,TRENDING,C,2.01,57.0,37.0
2026-07-02T05:13:48.661607+00:00,57367295781,SELL,0.01,0.0,OPEN,MICRO,ASIA,TRENDING,B,1.57,2.0,2.0
2026-07-02T05:18:51.629048+00:00,57367356133,BUY,0.01,0.0,OPEN,SMC,ASIA,TRENDING,C,2.01,57.0,37.0
2026-07-02T05:20:53.253217+00:00,57367379181,BUY,0.01,0.0,OPEN,MICRO,ASIA,TRENDING,B,1.57,2.0,2.0
2026-07-02T05:24:55.743875+00:00,57367424338,BUY,0.01,0.0,OPEN,SMC,ASIA,TRENDING,B,2.01,57.0,37.0
2026-07-02T05:28:58.381041+00:00,57367475801,BUY,0.01,0.0,OPEN,SMC,ASIA,TRENDING,B,2.01,57.0,37.0
2026-07-02T05:33:01.135639+00:00,57367533794,BUY,0.01,0.0,OPEN,SMC,ASIA,TRENDING,B,2.02,57.0,37.0
2026-07-02T05:37:05.689399+00:00,57367601689,BUY,0.01,0.0,OPEN,SMC,ASIA,TRENDING,C,2.02,57.0,37.0
2026-07-02T05:38:06.672514+00:00,57367625515,BUY,0.01,0.0,OPEN,MICRO,ASIA,TRENDING,B,1.57,2.0,2.0
2026-07-02T05:41:08.826746+00:00,57367676969,BUY,0.01,0.0,OPEN,SMC,ASIA,TRENDING,REJECT,0,50.0,37.0
2026-07-02T05:50:13.824585+00:00,57367780931,BUY,0.01,0.0,OPEN,SMC,ASIA,TRENDING,C,2.02,57.0,37.0
2026-07-02T05:54:16.185380+00:00,57367824740,BUY,0.01,0.0,OPEN,SMC,ASIA,TRENDING,C,2.02,57.0,37.0
2026-07-02T06:00:19.715373+00:00,57367906686,BUY,0.01,0.0,OPEN,SMC,ASIA,TRENDING,B,2.02,57.0,37.0
2026-07-02T06:00:20.272575+00:00,57367907138,BUY,0.01,0.0,OPEN,MICRO,ASIA,TRENDING,B,1.57,2.0,2.0
2026-07-02T06:02:22.237093+00:00,57367952047,BUY,0.01,0.0,OPEN,MICRO,ASIA,TRENDING,B,1.57,2.0,2.0
2026-07-02T06:04:23.887639+00:00,57367993152,BUY,0.01,0.0,OPEN,SMC,ASIA,TRENDING,C,2.03,57.0,37.0
2026-07-02T06:08:26.612065+00:00,57368058494,BUY,0.01,0.0,OPEN,SMC,ASIA,TRENDING,C,2.02,57.0,37.0
2026-07-02T06:12:29.327413+00:00,57368113613,BUY,0.01,0.0,OPEN,SMC,ASIA,TRENDING,C,2.02,57.0,37.0
2026-07-02T06:18:32.611421+00:00,57368200726,BUY,0.01,0.0,OPEN,SMC,ASIA,TRENDING,C,2.03,57.0,37.0
2026-07-02T06:18:33.084008+00:00,57368200838,BUY,0.01,0.0,OPEN,MICRO,ASIA,TRENDING,B,1.57,2.0,2.0
2026-07-02T06:22:35.827774+00:00,57368279366,BUY,0.01,0.0,OPEN,SMC,ASIA,TRENDING,C,2.02,57.0,37.0
2026-07-02T06:22:36.370776+00:00,57368279615,BUY,0.01,0.0,OPEN,MICRO,ASIA,TRENDING,B,1.57,2.0,2.0
2026-07-02T06:24:37.899219+00:00,57368310898,BUY,0.01,0.0,OPEN,MICRO,ASIA,TRENDING,B,1.57,2.0,2.0
2026-07-02T06:26:39.633510+00:00,57368338676,BUY,0.01,0.0,OPEN,SMC,ASIA,TRENDING,C,2.02,57.0,37.0
2026-07-02T06:30:42.178495+00:00,57368400360,BUY,0.01,0.0,OPEN,SMC,ASIA,TRENDING,C,2.02,57.0,37.0
2026-07-02T06:35:45.245167+00:00,57368460299,BUY,0.01,0.0,OPEN,SMC,ASIA,TRENDING,B,2.02,57.0,37.0
2026-07-02T06:41:48.748804+00:00,57368542758,BUY,0.01,0.0,OPEN,SMC,ASIA,TRENDING,C,2.02,57.0,37.0
2026-07-02T06:43:50.235419+00:00,57368580577,SELL,0.01,0.0,OPEN,MICRO,ASIA,TRENDING,B,1.57,2.0,2.0
2026-07-02T06:46:52.216153+00:00,57368625022,BUY,0.01,0.0,OPEN,SMC,ASIA,TRENDING,C,2.11,70.0,37.0
2026-07-02T07:32:09.555582+00:00,57369295468,BUY,0.01,0.0,OPEN,SMC,ASIA,TRENDING,C,2.06,62.0,37.0
2026-07-02T06:49:26+00:00,57022142610,BUY,0.01,-3.0,LOSS,SMC,ASIA,UNKNOWN,SYNC,0,0,0
2026-07-02T06:52:28+00:00,57022178785,BUY,0.01,-3.0,LOSS,SMC,ASIA,UNKNOWN,SYNC,0,0,0
2026-07-02T07:19:10+00:00,57022429974,BUY,0.01,3.0,WIN,SMC,ASIA,UNKNOWN,SYNC,0,0,0
2026-07-02T07:31:34+00:00,57022547095,BUY,0.01,3.01,WIN,SMC,ASIA,UNKNOWN,SYNC,0,0,0
2026-07-02T07:38:14.591075+00:00,57369376231,BUY,0.01,0.0,OPEN,SMC,ASIA,TRENDING,C,2.03,57.0,37.0
2026-07-02T07:38:15.048905+00:00,57369376308,BUY,0.01,0.0,OPEN,MICRO,ASIA,TRENDING,B,1.57,2.0,2.0
2026-07-02T07:41:17.421189+00:00,57369443037,BUY,0.01,0.0,OPEN,MICRO,ASIA,TRENDING,B,1.57,2.0,2.0
2026-07-02T07:41:16+00:00,57022627465,BUY,0.01,4.71,WIN,MICRO,ASIA,UNKNOWN,SYNC,0,0,0
2026-07-02T07:42:18.865871+00:00,57369464782,BUY,0.01,0.0,OPEN,SMC,ASIA,TRENDING,C,2.03,57.0,37.0
2026-07-02T07:47:22.037158+00:00,57369562508,BUY,0.01,0.0,OPEN,SMC,ASIA,TRENDING,C,2.02,57.0,37.0
2026-07-02T07:48:23.138512+00:00,57369580829,SELL,0.01,0.0,OPEN,MICRO,ASIA,TRENDING,B,1.57,2.0,2.0
2026-07-02T08:00:30.348676+00:00,57369757650,BUY,0.01,0.0,OPEN,SMC,LONDON,TRENDING,C,2.1,62.0,37.5
2026-07-02T07:59:53+00:00,57022788845,BUY,0.01,2.97,WIN,SMC,ASIA,UNKNOWN,SYNC,0,0,0
2026-07-02T08:04:33.592767+00:00,57369836000,BUY,0.01,0.0,OPEN,SMC,LONDON,TRENDING,C,2.24,84.0,37.5
2026-07-02T08:05:34.772587+00:00,57369855834,BUY,0.01,0.0,OPEN,MICRO,LONDON,TRENDING,B,1.57,2.0,2.0
2026-07-02T08:09:37.339805+00:00,57369927518,BUY,0.01,0.0,OPEN,SMC,LONDON,TRENDING,C,2.06,57.0,37.5
2026-07-02T08:10:38.437422+00:00,57369947762,BUY,0.01,0.0,OPEN,MICRO,LONDON,TRENDING,B,1.57,2.0,2.0
2026-07-02T08:10:56+00:00,57022912202,SELL,0.01,-3.0,LOSS,SMC,LONDON,UNKNOWN,SYNC,0,0,0
2026-07-02T08:14:41.812516+00:00,57370014105,BUY,0.01,0.0,OPEN,SMC,LONDON,TRENDING,C,2.06,57.0,35.75
2026-07-02T08:13:24+00:00,57022945919,SELL,0.01,-3.0,LOSS,SMC,LONDON,UNKNOWN,SYNC,0,0,0
2026-07-02T08:24:47.147013+00:00,57370192193,BUY,0.01,0.0,OPEN,SMC,LONDON,TRENDING,C,2.05,57.0,34.0
2026-07-02T08:18:00+00:00,57023002821,BUY,0.01,-3.0,LOSS,MICRO,LONDON,UNKNOWN,SYNC,0,0,0
2026-07-02T08:24:26+00:00,57023069193,SELL,0.01,2.53,WIN,SMC,LONDON,UNKNOWN,SYNC,0,0,0
2026-07-02T09:03:03.620102+00:00,57370810151,BUY,0.01,0.0,OPEN,SMC,LONDON,TRENDING,C,2.06,57.0,34.0
2026-07-02T08:28:09+00:00,57023115825,SELL,0.01,-2.92,LOSS,SMC,LONDON,UNKNOWN,SYNC,0,0,0
2026-07-02T08:30:01+00:00,57023137949,SELL,0.01,-3.03,LOSS,MICRO,LONDON,UNKNOWN,SYNC,0,0,0
2026-07-02T08:30:04+00:00,57023139234,SELL,0.01,-3.01,LOSS,SMC,LONDON,UNKNOWN,SYNC,0,0,0
2026-07-02T08:33:18+00:00,57023186418,SELL,0.01,-3.01,LOSS,SMC,LONDON,UNKNOWN,SYNC,0,0,0
2026-07-02T08:37:38+00:00,57023255493,SELL,0.01,2.99,WIN,SMC,LONDON,UNKNOWN,SYNC,0,0,0
2026-07-02T08:49:25+00:00,57023406525,SELL,0.01,-2.99,LOSS,MICRO,LONDON,UNKNOWN,SYNC,0,0,0
2026-07-02T08:49:31+00:00,57023409153,SELL,0.01,-3.0,LOSS,SMC,LONDON,UNKNOWN,SYNC,0,0,0
2026-07-02T08:51:50+00:00,57023437881,SELL,0.01,3.0,WIN,SMC,LONDON,UNKNOWN,SYNC,0,0,0
2026-07-02T08:59:28+00:00,57023522952,SELL,0.01,3.05,WIN,SMC,LONDON,UNKNOWN,SYNC,0,0,0
2026-07-02T09:02:14+00:00,57023578327,SELL,0.01,2.98,WIN,SMC,LONDON,UNKNOWN,SYNC,0,0,0
2026-07-02T09:02:22+00:00,57023583296,SELL,0.01,4.7,WIN,MICRO,LONDON,UNKNOWN,SYNC,0,0,0
2026-07-02T09:22:16.351704+00:00,57371114936,BUY,0.01,0.0,OPEN,SMC,LONDON,TRENDING,C,2.07,57.0,30.5
2026-07-02T09:04:38+00:00,57023627646,SELL,0.01,-2.97,LOSS,MICRO,LONDON,UNKNOWN,SYNC,0,0,0
2026-07-02T09:04:53+00:00,57023632157,SELL,0.01,-2.99,LOSS,SMC,LONDON,UNKNOWN,SYNC,0,0,0
2026-07-02T09:09:51+00:00,57023705883,SELL,0.01,-2.87,LOSS,SMC,LONDON,UNKNOWN,SYNC,0,0,0
2026-07-02T09:17:36+00:00,57023810342,SELL,0.01,3.02,WIN,SMC,LONDON,UNKNOWN,SYNC,0,0,0
2026-07-02T09:21:07+00:00,57023866229,SELL,0.01,3.0,WIN,SMC,LONDON,UNKNOWN,SYNC,0,0,0
2026-07-02T09:22:10+00:00,57023888076,SELL,0.01,4.69,WIN,MICRO,LONDON,UNKNOWN,SYNC,0,0,0
2026-07-02T09:24:13+00:00,57023926872,SELL,0.01,-3.03,LOSS,SMC,LONDON,UNKNOWN,SYNC,0,0,0
2026-07-02T09:24:13+00:00,57023926875,SELL,0.01,-2.98,LOSS,MICRO,LONDON,UNKNOWN,SYNC,0,0,0
2026-07-02T09:28:47+00:00,57023988934,SELL,0.01,-2.91,LOSS,SMC,LONDON,UNKNOWN,SYNC,0,0,0
2026-07-02T09:29:31+00:00,57023999598,SELL,0.01,-3.0,LOSS,MICRO,LONDON,UNKNOWN,SYNC,0,0,0
2026-07-02T09:35:37+00:00,57024075577,SELL,0.01,-3.0,LOSS,SMC,LONDON,UNKNOWN,SYNC,0,0,0
2026-07-02T09:41:15+00:00,57024146731,SELL,0.01,-3.0,LOSS,SMC,LONDON,UNKNOWN,SYNC,0,0,0
2026-07-02T09:43:01+00:00,57024180105,SELL,0.01,-3.0,LOSS,SMC,LONDON,UNKNOWN,SYNC,0,0,0
2026-07-02T09:46:06+00:00,57024227398,BUY,0.01,-3.02,LOSS,MICRO,LONDON,UNKNOWN,SYNC,0,0,0
2026-07-02T09:49:42+00:00,57024281524,SELL,0.01,3.0,WIN,SMC,LONDON,UNKNOWN,SYNC,0,0,0
2026-07-02T10:37:26+00:00,57024951800,SELL,0.01,3.0,WIN,SMC,LONDON,UNKNOWN,SYNC,0,0,0
2026-07-02T10:39:27+00:00,57024990683,SELL,0.01,3.01,WIN,SMC,LONDON,UNKNOWN,SYNC,0,0,0
2026-07-02T10:40:51+00:00,57025020763,SELL,0.01,4.7,WIN,MICRO,LONDON,UNKNOWN,SYNC,0,0,0
2026-07-02T10:46:32+00:00,57025132783,SELL,0.01,-2.94,LOSS,SMC,LONDON,UNKNOWN,SYNC,0,0,0
2026-07-02T10:47:44+00:00,57025154063,SELL,0.01,-2.99,LOSS,MICRO,LONDON,UNKNOWN,SYNC,0,0,0
2026-07-02T10:48:02+00:00,57025159709,SELL,0.01,-2.95,LOSS,SMC,LONDON,UNKNOWN,SYNC,0,0,0
2026-07-02T11:00:14+00:00,57025330397,BUY,0.01,4.68,WIN,MICRO,LONDON,UNKNOWN,SYNC,0,0,0
2026-07-02T11:03:28+00:00,57025391661,SELL,0.01,3.0,WIN,SMC,LONDON,UNKNOWN,SYNC,0,0,0
2026-07-02T11:09:02+00:00,57025485531,SELL,0.01,2.98,WIN,SMC,LONDON,UNKNOWN,SYNC,0,0,0
2026-07-02T11:10:21+00:00,57025512693,SELL,0.01,4.7,WIN,MICRO,LONDON,UNKNOWN,SYNC,0,0,0
2026-07-02T11:14:17+00:00,57025575505,SELL,0.01,-2.99,LOSS,MICRO,LONDON,UNKNOWN,SYNC,0,0,0
2026-07-02T11:14:39+00:00,57025582769,SELL,0.01,-3.0,LOSS,SMC,LONDON,UNKNOWN,SYNC,0,0,0
2026-07-02T11:17:17+00:00,57025623560,SELL,0.01,3.06,WIN,SMC,LONDON,UNKNOWN,SYNC,0,0,0
2026-07-02T14:08:44.561698+00:00,9401863736,BUY,0.01,0.0,OPEN,SMC,NEWYORK,TRENDING,B,2.05,57.0,30.5
2026-07-02T14:24:48.492264+00:00,9402290096,BUY,0.01,0.0,OPEN,SMC,NEWYORK,TRENDING,B,2.05,57.0,30.5
2026-07-02T15:30:13+00:00,9062464098,SELL,0.01,21.82,WIN,SMC,NEWYORK,UNKNOWN,SYNC,0,0,0
2026-07-02T16:30:43.595228+00:00,9405013484,BUY,0.01,0.0,OPEN,SMC,NEWYORK,TRENDING,B,2.05,57.0,30.5
2026-07-02T18:10:23.404306+00:00,9406896738,BUY,0.01,0.0,OPEN,SMC,OFF_HOURS,TRENDING,REJECT,0,50.0,29.0
2026-07-02T16:53:48+00:00,9066305288,SELL,0.01,6.78,WIN,SMC,NEWYORK,UNKNOWN,SYNC,0,0,0
2026-07-02T22:00:52.320432+00:00,9408547936,BUY,0.01,0.0,OPEN,SMC,OFF_HOURS,TRENDING,REJECT,0,50.0,29.0
2026-07-02T19:30:30+00:00,9070287265,SELL,0.01,-15.16,LOSS,SMC,OFF_HOURS,UNKNOWN,SYNC,0,0,0
2026-07-02T21:10:03+00:00,9072401639,SELL,0.01,14.87,WIN,SMC,OFF_HOURS,UNKNOWN,SYNC,0,0,0
2026-07-03T12:27:00+00:00,57047076825,SELL,0.07,-55.09,LOSS,SMC,LONDON,UNKNOWN,SYNC,0,0,0
2026-07-03T16:12:10+00:00,57050373661,SELL,0.02,-12.38,LOSS,SMC,NEWYORK,UNKNOWN,SYNC,0,0,0
2026-07-06T00:10:24.486347+00:00,9425261041,BUY,0.04,0.0,OPEN,SMC,ASIA,RANGING,C,2.02,57.0,27.75
2026-07-06T00:16:28.508027+00:00,9425323703,BUY,0.06,0.0,OPEN,MICRO,ASIA,RANGING,B,1.59,2.0,2.0
2026-07-06T01:10:53.380967+00:00,9426011299,BUY,0.04,0.0,OPEN,SMC,ASIA,RANGING,C,2.01,57.0,27.75
2026-07-06T01:22:58.266425+00:00,9426176001,SELL,0.06,0.0,OPEN,MICRO,ASIA,RANGING,B,1.59,2.0,2.0
2026-07-06T01:33:02.675511+00:00,9426297504,BUY,0.05,0.0,OPEN,SMC,ASIA,RANGING,B,2.04,57.0,27.75
2026-07-06T01:49:15.312643+00:00,9426502853,BUY,0.05,0.0,OPEN,SMC,ASIA,RANGING,B,2.04,57.0,27.75
2026-07-06T02:07:54.113182+00:00,9426742647,SELL,0.06,0.0,OPEN,MICRO,ASIA,RANGING,B,1.59,2.0,2.0
2026-07-06T02:45:31.706189+00:00,9427190311,BUY,0.06,0.0,OPEN,SMC,ASIA,RANGING,C,2.05,62.0,27.75
2026-07-06T03:19:37.259987+00:00,9427583118,SELL,0.06,0.0,OPEN,MICRO,ASIA,RANGING,B,1.59,2.0,2.0
2026-07-06T03:58:02+00:00,9093506098,SELL,0.06,32.82,WIN,MICRO,ASIA,UNKNOWN,SYNC,0,0,0
2026-07-06T03:58:20+00:00,9093512456,SELL,0.04,29.04,WIN,SMC,ASIA,UNKNOWN,SYNC,0,0,0
2026-07-06T04:17:32+00:00,9093842527,SELL,0.04,25.44,WIN,SMC,ASIA,UNKNOWN,SYNC,0,0,0
2026-07-06T04:32:29+00:00,9094040464,BUY,0.06,-59.82,LOSS,MICRO,ASIA,UNKNOWN,SYNC,0,0,0
2026-07-06T04:49:03+00:00,9094272674,SELL,0.05,31.1,WIN,SMC,ASIA,UNKNOWN,SYNC,0,0,0
2026-07-06T05:06:08+00:00,9094516352,SELL,0.05,-77.9,LOSS,SMC,ASIA,UNKNOWN,SYNC,0,0,0
2026-07-06T14:29:46+00:00,57065470347,SELL,0.02,1.0,WIN,MICRO,NEWYORK,UNKNOWN,SYNC,0,0,0
2026-07-06T15:36:04+00:00,57066709824,SELL,0.01,-15.0,LOSS,SMC,NEWYORK,UNKNOWN,SYNC,0,0,0
2026-07-06T19:54:09+00:00,57072377476,BUY,0.02,-29.92,LOSS,MICRO,OFF_HOURS,UNKNOWN,SYNC,0,0,0
2026-07-06T19:54:21+00:00,57072382649,BUY,0.02,-30.0,LOSS,SMC,OFF_HOURS,UNKNOWN,SYNC,0,0,0
2026-07-15T04:00:01+00:00,9245899811,BUY,0.07,-71.61,LOSS,MICRO,ASIA,UNKNOWN,SYNC,0,0,0
2026-07-15T05:05:50+00:00,9246565877,BUY,0.07,93.59,WIN,SMC,ASIA,UNKNOWN,SYNC,0,0,0
2026-07-15T06:04:37+00:00,9247127604,BUY,0.05,2.5,WIN,SMC,ASIA,UNKNOWN,SYNC,0,0,0
2026-07-15T06:28:15+00:00,9247332926,BUY,0.06,40.68,WIN,SMC,ASIA,UNKNOWN,SYNC,0,0,0
2026-07-15T08:27:09+00:00,9248458335,BUY,0.04,14.68,WIN,SMC,LONDON,UNKNOWN,SYNC,0,0,0
2026-07-15T08:30:20+00:00,9248505725,BUY,0.09,34.29,WIN,MICRO,LONDON,UNKNOWN,SYNC,0,0,0
2026-07-15T08:31:43+00:00,9248528254,BUY,0.06,-6.06,LOSS,SMC,LONDON,UNKNOWN,SYNC,0,0,0
2026-07-15T10:53:19+00:00,9250566793,BUY,0.06,10.32,WIN,SMC,LONDON,UNKNOWN,SYNC,0,0,0
2026-07-15T13:14:26+00:00,9252715812,BUY,0.06,-60.0,LOSS,SMC,NEWYORK,UNKNOWN,SYNC,0,0,0
2026-07-15T13:29:27+00:00,9252998943,BUY,0.07,33.53,WIN,SMC,NEWYORK,UNKNOWN,SYNC,0,0,0
2026-07-15T14:39:52+00:00,9254033350,BUY,0.11,-70.29,LOSS,SMC,NEWYORK,UNKNOWN,SYNC,0,0,0
2026-07-15T15:30:02+00:00,9255128999,BUY,0.08,-79.2,LOSS,SMC,NEWYORK,UNKNOWN,SYNC,0,0,0
2026-07-15T15:40:22+00:00,9255793273,SELL,0.09,38.61,WIN,SMC,NEWYORK,UNKNOWN,SYNC,0,0,0
2026-07-15T15:46:55+00:00,9256023814,SELL,0.1,14.8,WIN,SMC,NEWYORK,UNKNOWN,SYNC,0,0,0
2026-07-15T15:47:34+00:00,9256042358,SELL,0.1,4.2,WIN,SMC,NEWYORK,UNKNOWN,SYNC,0,0,0
2026-07-15T15:59:30+00:00,9256404210,SELL,0.09,38.34,WIN,SMC,NEWYORK,UNKNOWN,SYNC,0,0,0
2026-07-15T16:45:16+00:00,9257618280,SELL,0.1,14.9,WIN,SMC,NEWYORK,UNKNOWN,SYNC,0,0,0
2026-07-15T18:29:30+00:00,9260124517,BUY,0.02,19.06,WIN,SMC,OFF_HOURS,UNKNOWN,SYNC,0,0,0
2026-07-15T19:46:49+00:00,9261683630,BUY,0.02,29.22,WIN,SMC,OFF_HOURS,UNKNOWN,SYNC,0,0,0
2026-07-15T20:29:02+00:00,9262460943,BUY,0.07,-68.74,LOSS,SMC,OFF_HOURS,UNKNOWN,SYNC,0,0,0
2026-07-15T20:35:29+00:00,9262658132,BUY,0.1,-99.3,LOSS,SMC,OFF_HOURS,UNKNOWN,SYNC,0,0,0
2026-07-15T21:40:10+00:00,9263908470,SELL,0.02,26.0,WIN,SMC,OFF_HOURS,UNKNOWN,SYNC,0,0,0
2026-07-15T21:57:03+00:00,9264093271,SELL,0.07,-69.37,LOSS,SMC,OFF_HOURS,UNKNOWN,SYNC,0,0,0
2026-07-15T22:59:58+00:00,9264796657,BUY,0.03,8.7,WIN,SMC,OFF_HOURS,UNKNOWN,SYNC,0,0,0
2026-07-16T03:46:28+00:00,9265910492,BUY,0.1,37.7,WIN,SMC,ASIA,UNKNOWN,SYNC,0,0,0
2026-07-16T04:08:25+00:00,9266160409,BUY,0.04,45.84,WIN,SMC,ASIA,UNKNOWN,SYNC,0,0,0
2026-07-16T04:21:26+00:00,9266289030,BUY,0.05,8.3,WIN,SMC,ASIA,UNKNOWN,SYNC,0,0,0
2026-07-16T04:30:05+00:00,9266389449,BUY,0.05,21.95,WIN,SMC,ASIA,UNKNOWN,SYNC,0,0,0
2026-07-16T04:40:15+00:00,9266487366,BUY,0.08,-80.48,LOSS,MICRO,ASIA,UNKNOWN,SYNC,0,0,0
2026-07-16T05:06:48+00:00,9266701401,BUY,0.07,22.19,WIN,SMC,ASIA,UNKNOWN,SYNC,0,0,0
2026-07-16T05:45:20+00:00,9267093904,BUY,0.07,37.1,WIN,MICRO,ASIA,UNKNOWN,SYNC,0,0,0
2026-07-16T09:00:12+00:00,9268877421,BUY,0.05,24.8,WIN,SMC,LONDON,UNKNOWN,SYNC,0,0,0
2026-07-16T10:40:19+00:00,9270212216,BUY,0.11,37.62,WIN,SMC,LONDON,UNKNOWN,SYNC,0,0,0
2026-07-16T12:00:54+00:00,9271429634,BUY,0.11,-110.0,LOSS,SMC,LONDON,UNKNOWN,SYNC,0,0,0
2026-07-16T14:27:07+00:00,9273420723,BUY,0.1,78.7,WIN,SMC,NEWYORK,UNKNOWN,SYNC,0,0,0
2026-07-16T14:36:01+00:00,9273530747,BUY,0.1,-58.3,LOSS,SMC,NEWYORK,UNKNOWN,SYNC,0,0,0
2026-07-16T14:44:24+00:00,9273699148,SELL,0.08,9.84,WIN,MICRO,NEWYORK,UNKNOWN,SYNC,0,0,0
2026-07-16T15:15:16+00:00,9274509176,SELL,0.09,-89.91,LOSS,MICRO,NEWYORK,UNKNOWN,SYNC,0,0,0
2026-07-16T15:18:37+00:00,9274712852,BUY,0.09,-74.07,LOSS,MICRO,NEWYORK,UNKNOWN,SYNC,0,0,0
2026-07-16T15:18:46+00:00,9274718875,BUY,0.1,-91.7,LOSS,SMC,NEWYORK,UNKNOWN,SYNC,0,0,0
2026-07-16T15:46:51+00:00,9275792479,BUY,0.02,31.54,WIN,SMC,NEWYORK,UNKNOWN,SYNC,0,0,0
2026-07-16T15:49:08+00:00,9275885077,BUY,0.1,22.9,WIN,SMC,NEWYORK,UNKNOWN,SYNC,0,0,0
2026-07-16T15:55:46+00:00,9276179283,BUY,0.1,40.4,WIN,SMC,NEWYORK,UNKNOWN,SYNC,0,0,0
2026-07-16T16:11:28+00:00,9276950676,BUY,0.1,-95.4,LOSS,SMC,NEWYORK,UNKNOWN,SYNC,0,0,0
2026-07-16T16:24:22+00:00,9277305849,BUY,0.1,-102.5,LOSS,SMC,NEWYORK,UNKNOWN,SYNC,0,0,0
2026-07-16T17:16:41+00:00,9278664991,BUY,0.04,25.64,WIN,SMC,NEWYORK,UNKNOWN,SYNC,0,0,0
2026-07-16T17:45:01+00:00,9279313815,BUY,0.11,-111.1,LOSS,SMC,NEWYORK,UNKNOWN,SYNC,0,0,0
2026-07-17T00:45:53.350013+00:00,9604676651,SELL,0.04,0.0,OPEN,SMC,ASIA,TRENDING,B,2.12,57.0,35.77
2026-07-17T01:07:06.891274+00:00,9604882781,SELL,0.05,0.0,OPEN,SMC,ASIA,TRENDING,B,2.12,57.0,35.77
2026-07-17T01:27:55.526000+00:00,9605090036,SELL,0.04,0.0,OPEN,MICRO,ASIA,TRENDING,B,1.6,2.0,2.0
2026-07-17T01:54:11.752650+00:00,9605362657,SELL,0.05,0.0,OPEN,SMC,ASIA,TRENDING,B,2.0,50.0,35.77
2026-07-17T02:09:19.075304+00:00,9605506090,SELL,0.04,0.0,OPEN,SMC,ASIA,TRENDING,B,2.0,50.0,35.77
2026-07-17T03:03:44.685385+00:00,9606010834,SELL,0.07,0.0,OPEN,SMC,ASIA,TRENDING,B,2.2,72.0,35.77
2026-07-17T03:28:58.361353+00:00,9606369529,SELL,0.06,0.0,OPEN,MICRO,ASIA,RANGING,B,1.6,2.0,2.0
2026-07-17T03:45:08.443349+00:00,9606525387,SELL,0.04,0.0,OPEN,SMC,ASIA,RANGING,B,2.07,57.0,35.97
2026-07-17T04:06:24+00:00,9286003688,BUY,0.04,-40.88,LOSS,SMC,ASIA,UNKNOWN,SYNC,0,0,0
2026-07-17T05:08:32+00:00,9286639494,BUY,0.05,-9.1,LOSS,SMC,ASIA,UNKNOWN,SYNC,0,0,0
2026-07-17T05:16:38.859484+00:00,9607422523,SELL,0.01,0.0,OPEN,SMC,ASIA,RANGING,B,2.08,57.0,34.22
2026-07-17T05:16:39.489198+00:00,9607422610,SELL,0.01,0.0,OPEN,MICRO,ASIA,RANGING,B,1.57,2.0,2.0
2026-07-17T05:40:50.664125+00:00,9607735910,SELL,0.04,0.0,OPEN,SMC,ASIA,RANGING,B,2.08,57.0,34.22
2026-07-17T06:01:54+00:00,9287120497,BUY,0.02,3.2,WIN,SMC,ASIA,UNKNOWN,SYNC,0,0,0
2026-07-17T06:18:19+00:00,9287324648,BUY,0.07,-69.86,LOSS,SMC,ASIA,UNKNOWN,SYNC,0,0,0
2026-07-17T07:57:37.531611+00:00,9609735260,SELL,0.05,0.0,OPEN,SMC,ASIA,RANGING,B,2.07,57.0,32.47
2026-07-17T07:57:38.676659+00:00,9609735520,SELL,0.06,0.0,OPEN,MICRO,ASIA,RANGING,B,1.6,2.0,2.0
2026-07-17T10:00:41.343253+00:00,9611588793,SELL,0.07,0.0,OPEN,SMC,LONDON,RANGING,A+,2.16,62.0,32.57
2026-07-17T08:16:12+00:00,9288582768,BUY,0.01,20.59,WIN,SMC,LONDON,UNKNOWN,SYNC,0,0,0
2026-07-17T08:40:04+00:00,9288904426,BUY,0.01,-10.0,LOSS,SMC,LONDON,UNKNOWN,SYNC,0,0,0
2026-07-17T08:40:04+00:00,9288904427,BUY,0.01,-10.0,LOSS,MICRO,LONDON,UNKNOWN,SYNC,0,0,0
2026-07-17T09:11:19+00:00,9289367284,BUY,0.04,-46.68,LOSS,SMC,LONDON,UNKNOWN,SYNC,0,0,0
2026-07-17T12:41:45.128167+00:00,9614209283,SELL,0.05,0.0,OPEN,SMC,LONDON,RANGING,B,2.08,57.0,29.07
2026-07-17T12:42:46.467758+00:00,9614243624,SELL,0.07,0.0,OPEN,MICRO,LONDON,RANGING,B,1.6,2.0,2.0
2026-07-17T13:38:09.418437+00:00,9615974331,BUY,0.07,0.0,OPEN,MICRO,NEWYORK,RANGING,B,1.6,2.0,2.0
2026-07-17T13:59:22.589011+00:00,9616648465,BUY,0.07,0.0,OPEN,MICRO,NEWYORK,RANGING,B,1.6,2.0,2.0
2026-07-17T15:20:59.881745+00:00,9618636913,BUY,0.08,0.0,OPEN,MICRO,NEWYORK,RANGING,B,1.61,2.0,2.0
2026-07-17T15:41:09+00:00,9295506037,BUY,0.02,43.18,WIN,SMC,NEWYORK,UNKNOWN,SYNC,0,0,0
2026-07-17T15:53:20.032447+00:00,9619359176,BUY,0.08,0.0,OPEN,MICRO,NEWYORK,RANGING,B,1.61,2.0,2.0
2026-07-17T16:03:25.560191+00:00,9619595683,SELL,0.06,0.0,OPEN,SMC,NEWYORK,RANGING,B,1.98,50.0,29.0
2026-07-17T16:03:26.346990+00:00,9619595991,SELL,0.08,0.0,OPEN,MICRO,NEWYORK,RANGING,B,1.61,2.0,2.0
2026-07-17T16:25:37.846594+00:00,9620010084,SELL,0.07,0.0,OPEN,SMC,NEWYORK,RANGING,A,2.2,70.0,29.0
2026-07-17T16:36:11+00:00,9297286664,BUY,0.03,1.5,WIN,SMC,NEWYORK,UNKNOWN,SYNC,0,0,0
2026-07-17T16:37:13+00:00,9297342529,BUY,0.07,-69.16,LOSS,MICRO,NEWYORK,UNKNOWN,SYNC,0,0,0
2026-07-17T16:39:22+00:00,9297472860,SELL,0.07,97.58,WIN,MICRO,NEWYORK,UNKNOWN,SYNC,0,0,0
2026-07-17T17:17:06.012027+00:00,9620825474,SELL,0.01,0.0,OPEN,SMC,NEWYORK,TRENDING,B,2.03,50.0,29.1
2026-07-17T18:04:27+00:00,9299721033,SELL,0.07,112.7,WIN,MICRO,OFF_HOURS,UNKNOWN,SYNC,0,0,0
2026-07-17T19:02:39+00:00,9301121699,SELL,0.08,-56.0,LOSS,MICRO,OFF_HOURS,UNKNOWN,SYNC,0,0,0
2026-07-17T19:24:33+00:00,9301530914,BUY,0.08,-80.0,LOSS,MICRO,OFF_HOURS,UNKNOWN,SYNC,0,0,0
2026-07-17T19:24:34+00:00,9301531982,BUY,0.06,-60.9,LOSS,SMC,OFF_HOURS,UNKNOWN,SYNC,0,0,0
2026-07-17T20:16:26+00:00,9302363370,BUY,0.07,29.82,WIN,SMC,OFF_HOURS,UNKNOWN,SYNC,0,0,0
2026-07-20T01:00:03+00:00,9304580288,BUY,0.01,-9.95,LOSS,SMC,ASIA,UNKNOWN,SYNC,0,0,0
2026-07-20T02:16:14.527939+00:00,9625778101,SELL,0.01,0.0,OPEN,SMC,ASIA,RANGING,A,2.11,62.0,28.97
2026-07-20T02:19:18.644374+00:00,9625802065,SELL,0.01,0.0,OPEN,MICRO,ASIA,RANGING,B,1.57,2.0,2.0
2026-07-20T02:42:36.045399+00:00,9626062985,SELL,0.01,0.0,OPEN,SMC,ASIA,RANGING,B,2.12,62.0,28.97
2026-07-20T03:05:50.245332+00:00,9626386255,SELL,0.04,0.0,OPEN,MICRO,ASIA,RANGING,B,1.59,2.0,2.0
2026-07-20T03:15:56.351190+00:00,9626502384,SELL,0.05,0.0,OPEN,SMC,ASIA,RANGING,B,2.2,82.0,28.97
2026-07-20T05:57:06.934556+00:00,9628328624,SELL,0.04,0.0,OPEN,SMC,ASIA,RANGING,B,2.08,57.0,28.97
2026-07-20T05:42:20+00:00,9307707101,BUY,0.01,-9.99,LOSS,MICRO,ASIA,UNKNOWN,SYNC,0,0,0
2026-07-20T05:42:27+00:00,9307710048,BUY,0.01,-10.06,LOSS,SMC,ASIA,UNKNOWN,SYNC,0,0,0
2026-07-20T05:48:49+00:00,9307816069,BUY,0.01,-10.0,LOSS,SMC,ASIA,UNKNOWN,SYNC,0,0,0
2026-07-20T07:22:43.432937+00:00,9629538168,SELL,0.02,0.0,OPEN,SMC,ASIA,RANGING,C,2.08,57.0,27.22
2026-07-20T07:36:51.627642+00:00,9629881753,BUY,0.03,0.0,OPEN,MICRO,ASIA,RANGING,B,1.58,2.0,2.0
2026-07-20T10:00:06.720429+00:00,9632328250,SELL,0.05,0.0,OPEN,SMC,LONDON,RANGING,B,2.2,82.0,27.32
2026-07-20T08:56:43+00:00,9310008676,BUY,0.02,29.48,WIN,SMC,LONDON,UNKNOWN,SYNC,0,0,0
2026-07-20T10:22:22+00:00,9311227925,BUY,0.04,14.48,WIN,SMC,LONDON,UNKNOWN,SYNC,0,0,0
2026-07-20T10:36:04+00:00,9311569266,BUY,0.02,-20.0,LOSS,SMC,LONDON,UNKNOWN,SYNC,0,0,0
2026-07-20T11:29:00+00:00,9312687143,SELL,0.03,15.3,WIN,MICRO,LONDON,UNKNOWN,SYNC,0,0,0
2026-07-20T11:31:45.660648+00:00,9633741084,BUY,0.01,0.0,OPEN,MICRO,LONDON,TRENDING,B,1.57,2.0,2.0
2026-07-20T12:01:00.939408+00:00,9634517600,SELL,0.07,0.0,OPEN,SMC,LONDON,TRENDING,B,2.2,82.0,27.51
2026-07-20T12:01:01.542918+00:00,9634518064,SELL,0.05,0.0,OPEN,MICRO,LONDON,TRENDING,B,1.6,2.0,2.0
2026-07-20T12:47:20.796438+00:00,9635752267,SELL,0.07,0.0,OPEN,SMC,LONDON,RANGING,B,2.2,82.0,27.32
2026-07-20T14:02:50.269464+00:00,9637533057,SELL,0.07,0.0,OPEN,MICRO,NEWYORK,RANGING,B,1.6,2.0,2.0
2026-07-20T14:30:33+00:00,9315500067,BUY,0.05,-50.2,LOSS,SMC,NEWYORK,UNKNOWN,SYNC,0,0,0
2026-07-20T15:00:10+00:00,9316356637,SELL,0.01,-10.07,LOSS,MICRO,NEWYORK,UNKNOWN,SYNC,0,0,0
2026-07-20T15:47:07+00:00,9317685739,BUY,0.04,17.88,WIN,SMC,NEWYORK,UNKNOWN,SYNC,0,0,0
2026-07-20T16:50:13.849300+00:00,9640964770,BUY,0.05,0.0,OPEN,SMC,NEWYORK,RANGING,REJECT,0,57.0,27.25
2026-07-20T16:58:20.277007+00:00,9641065588,BUY,0.06,0.0,OPEN,MICRO,NEWYORK,RANGING,B,1.6,2.0,2.0
2026-07-20T17:30:32.695623+00:00,9641490926,BUY,0.05,0.0,OPEN,SMC,NEWYORK,RANGING,REJECT,0,57.0,27.25
2026-07-20T17:29:53+00:00,9320277241,BUY,0.04,28.92,WIN,SMC,NEWYORK,UNKNOWN,SYNC,0,0,0
2026-07-20T17:49:44+00:00,9320744111,BUY,0.07,-84.91,LOSS,MICRO,NEWYORK,UNKNOWN,SYNC,0,0,0
2026-07-20T23:20:30.692041+00:00,9643964472,BUY,0.02,0.0,OPEN,SMC,OFF_HOURS,RANGING,REJECT,0,57.0,50.27
2026-07-20T23:32:37.890900+00:00,9644019670,BUY,0.03,0.0,OPEN,MICRO,OFF_HOURS,RANGING,B,1.58,2.0,2.0
2026-07-21T00:49:14.999611+00:00,9644632171,BUY,0.03,0.0,OPEN,SMC,ASIA,RANGING,REJECT,0,57.0,28.97
2026-07-21T00:49:15.589233+00:00,9644632318,BUY,0.03,0.0,OPEN,MICRO,ASIA,RANGING,B,1.59,2.0,2.0
2026-07-21T03:49:28.073980+00:00,9646567513,BUY,0.04,0.0,OPEN,SMC,ASIA,TRENDING,C,2.2,78.0,28.77
2026-07-21T03:49:28.736280+00:00,9646567638,BUY,0.03,0.0,OPEN,MICRO,ASIA,TRENDING,B,1.59,2.0,2.0
2026-07-21T01:50:06+00:00,9325887375,SELL,0.05,-49.55,LOSS,SMC,ASIA,UNKNOWN,SYNC,0,0,0
2026-07-21T01:50:43+00:00,9325896116,SELL,0.06,-59.94,LOSS,MICRO,ASIA,UNKNOWN,SYNC,0,0,0
2026-07-21T04:37:59+00:00,9327346945,SELL,0.03,7.2,WIN,MICRO,ASIA,UNKNOWN,SYNC,0,0,0
2026-07-21T06:30:58.808367+00:00,9648675468,BUY,0.02,0.0,OPEN,SMC,ASIA,TRENDING,C,2.08,57.0,28.77
2026-07-21T10:00:39.199829+00:00,9651884539,BUY,0.05,0.0,OPEN,SMC,LONDON,TRENDING,REJECT,0,50.0,29.26
2026-07-21T08:47:00+00:00,9330214238,SELL,0.01,22.0,WIN,SMC,LONDON,UNKNOWN,SYNC,0,0,0
2026-07-21T10:14:46.949467+00:00,9652108090,BUY,0.03,0.0,OPEN,MICRO,LONDON,TRENDING,B,1.6,2.0,2.0
2026-07-21T11:16:10.437575+00:00,9653050176,BUY,0.02,0.0,OPEN,MICRO,LONDON,TRENDING,B,1.6,2.0,2.0
2026-07-21T11:29:20+00:00,9332849700,SELL,0.02,-20.0,LOSS,SMC,LONDON,UNKNOWN,SYNC,0,0,0
2026-07-21T11:35:22.274564+00:00,9653319668,BUY,0.01,0.0,OPEN,SMC,LONDON,TRENDING,REJECT,0,50.0,29.26
2026-07-21T13:40:25.892086+00:00,9655842074,SELL,0.02,0.0,OPEN,MICRO,NEWYORK,TRENDING,B,1.6,2.0,2.0
2026-07-21T14:04:31+00:00,9335229900,SELL,0.05,-50.0,LOSS,SMC,NEWYORK,UNKNOWN,SYNC,0,0,0
2026-07-21T14:04:34+00:00,9335231932,SELL,0.03,-30.0,LOSS,MICRO,NEWYORK,UNKNOWN,SYNC,0,0,0
2026-07-21T14:20:44.173329+00:00,9656926349,BUY,0.01,0.0,OPEN,SMC,NEWYORK,RANGING,REJECT,0,57.0,29.0
2026-07-21T15:10:04.993933+00:00,9658061570,BUY,0.02,0.0,OPEN,MICRO,NEWYORK,RANGING,B,1.6,2.0,2.0
2026-07-21T15:16:09.312872+00:00,9658223905,BUY,0.05,0.0,OPEN,SMC,NEWYORK,TRENDING,REJECT,0,57.0,29.1
2026-07-21T15:52:24.585430+00:00,9658982596,BUY,0.02,0.0,OPEN,MICRO,NEWYORK,TRENDING,B,1.6,2.0,2.0
2026-07-21T16:31:30+00:00,9338090498,SELL,0.02,-20.0,LOSS,MICRO,NEWYORK,UNKNOWN,SYNC,0,0,0
2026-07-21T16:31:36+00:00,9338095675,SELL,0.01,-10.0,LOSS,SMC,NEWYORK,UNKNOWN,SYNC,0,0,0
2026-07-21T17:11:01+00:00,9339142709,BUY,0.02,-19.16,LOSS,MICRO,NEWYORK,UNKNOWN,SYNC,0,0,0
2026-07-21T20:41:07+00:00,9343018202,SELL,0.02,-20.34,LOSS,MICRO,OFF_HOURS,UNKNOWN,SYNC,0,0,0
2026-07-21T21:48:05+00:00,9343917614,SELL,0.05,20.3,WIN,SMC,OFF_HOURS,UNKNOWN,SYNC,0,0,0
2026-07-21T22:45:34.537123+00:00,9662403786,SELL,0.02,0.0,OPEN,MICRO,OFF_HOURS,TRENDING,B,1.59,2.0,2.0
2026-07-22T00:15:06.992330+00:00,9662969183,BUY,0.07,0.0,OPEN,SMC,ASIA,TRENDING,REJECT,0,70.0,28.77
2026-07-22T00:17:09.019824+00:00,9663020582,BUY,0.02,0.0,OPEN,MICRO,ASIA,TRENDING,B,1.6,2.0,2.0
2026-07-22T00:40:20.568741+00:00,9663297309,BUY,0.07,0.0,OPEN,SMC,ASIA,TRENDING,REJECT,0,78.0,28.77
2026-07-22T01:06:34.920782+00:00,9663678833,BUY,0.04,0.0,OPEN,SMC,ASIA,TRENDING,B,2.1,57.0,28.77
2026-07-22T01:06:35.596656+00:00,9663678957,BUY,0.02,0.0,OPEN,MICRO,ASIA,TRENDING,B,1.6,2.0,2.0
2026-07-22T03:06:30.688906+00:00,9665037120,BUY,0.04,0.0,OPEN,SMC,ASIA,TRENDING,C,2.1,57.0,28.77
2026-07-22T03:06:31.307085+00:00,9665037209,BUY,0.02,0.0,OPEN,MICRO,ASIA,TRENDING,B,1.6,2.0,2.0
2026-07-22T03:14:40+00:00,9345652446,BUY,0.02,-20.0,LOSS,MICRO,ASIA,UNKNOWN,SYNC,0,0,0
2026-07-22T03:40:00+00:00,9345992255,SELL,0.07,3.5,WIN,SMC,ASIA,UNKNOWN,SYNC,0,0,0
2026-07-22T04:06:16+00:00,9346380380,SELL,0.02,44.04,WIN,SMC,ASIA,UNKNOWN,SYNC,0,0,0
2026-07-22T04:10:04.624740+00:00,9665716670,BUY,0.01,0.0,OPEN,SMC,ASIA,TRENDING,C,2.08,57.0,30.52
2026-07-22T04:16:08.833855+00:00,9665775442,BUY,0.01,0.0,OPEN,MICRO,ASIA,TRENDING,B,1.57,2.0,2.0
2026-07-22T04:16:54+00:00,9346576361,SELL,0.02,1.0,WIN,MICRO,ASIA,UNKNOWN,SYNC,0,0,0
2026-07-22T06:06:17+00:00,9347748323,SELL,0.01,21.01,WIN,SMC,ASIA,UNKNOWN,SYNC,0,0,0
2026-07-22T06:45:24.490456+00:00,9667539951,BUY,0.05,0.0,OPEN,SMC,ASIA,TRENDING,C,2.06,57.0,30.52
2026-07-22T07:04:03+00:00,9348390647,SELL,0.04,-39.6,LOSS,SMC,ASIA,UNKNOWN,SYNC,0,0,0
2026-07-22T07:04:05+00:00,9348391193,SELL,0.02,-20.0,LOSS,MICRO,ASIA,UNKNOWN,SYNC,0,0,0
2026-07-22T07:12:42.114037+00:00,9667913167,BUY,0.01,0.0,OPEN,MICRO,ASIA,TRENDING,B,1.57,2.0,2.0
2026-07-22T09:26:47+00:00,9349990133,SELL,0.01,-10.0,LOSS,MICRO,LONDON,UNKNOWN,SYNC,0,0,0
2026-07-22T09:26:51+00:00,9349992603,SELL,0.01,-10.03,LOSS,SMC,LONDON,UNKNOWN,SYNC,0,0,0
2026-07-22T10:10:16.070433+00:00,9670561813,BUY,0.01,0.0,OPEN,SMC,LONDON,TRENDING,REJECT,0,57.0,29.26
2026-07-22T10:58:38+00:00,9351465104,SELL,0.05,-50.25,LOSS,SMC,LONDON,UNKNOWN,SYNC,0,0,0
2026-07-22T12:18:25.064930+00:00,9672464579,BUY,0.05,0.0,OPEN,SMC,LONDON,TRENDING,REJECT,0,57.0,29.26
2026-07-22T12:20:27.043985+00:00,9672510168,BUY,0.02,0.0,OPEN,MICRO,LONDON,TRENDING,B,1.6,2.0,2.0
2026-07-22T12:23:29.506812+00:00,9672586760,BUY,0.05,0.0,OPEN,SMC,LONDON,TRENDING,REJECT,0,57.0,29.26
2026-07-22T12:24:30.902637+00:00,9672606766,BUY,0.02,0.0,OPEN,MICRO,LONDON,TRENDING,B,1.6,2.0,2.0
2026-07-22T12:39:34.767200+00:00,9672968545,BUY,0.03,0.0,OPEN,SMC,LONDON,TRENDING,C,2.07,57.0,29.26
2026-07-22T13:13:51.210564+00:00,9673824878,BUY,0.02,0.0,OPEN,MICRO,NEWYORK,TRENDING,B,1.6,2.0,2.0
2026-07-22T13:35:03.357842+00:00,9674479032,BUY,0.05,0.0,OPEN,SMC,NEWYORK,TRENDING,C,2.2,78.0,29.1
2026-07-22T14:20:27.125448+00:00,9675923398,BUY,0.03,0.0,OPEN,SMC,NEWYORK,TRENDING,C,2.12,58.0,29.1
2026-07-22T15:28:57.800698+00:00,9677350550,BUY,0.06,0.0,OPEN,SMC,NEWYORK,TRENDING,C,2.2,78.0,29.1
2026-07-22T15:46:43+00:00,9356039865,SELL,0.02,-12.62,LOSS,MICRO,NEWYORK,UNKNOWN,SYNC,0,0,0
2026-07-22T15:51:32+00:00,9356192962,SELL,0.03,-29.97,LOSS,SMC,NEWYORK,UNKNOWN,SYNC,0,0,0
2026-07-22T16:31:30+00:00,9357276856,SELL,0.02,32.0,WIN,MICRO,NEWYORK,UNKNOWN,SYNC,0,0,0
2026-07-22T16:40:59.852533+00:00,9678672321,BUY,0.03,0.0,OPEN,MICRO,NEWYORK,TRENDING,B,1.61,2.0,2.0
2026-07-22T17:15:23.888331+00:00,9679165202,BUY,0.07,0.0,OPEN,SMC,NEWYORK,TRENDING,REJECT,0,57.0,29.1
2026-07-22T17:17:07+00:00,9358871063,SELL,0.02,15.54,WIN,SMC,NEWYORK,UNKNOWN,SYNC,0,0,0
2026-07-22T17:45:48.239988+00:00,9679629945,BUY,0.03,0.0,OPEN,MICRO,NEWYORK,TRENDING,B,1.61,2.0,2.0
2026-07-22T18:28:21+00:00,9360412913,SELL,0.03,21.57,WIN,SMC,OFF_HOURS,UNKNOWN,SYNC,0,0,0
2026-07-22T19:21:43.891150+00:00,9680703498,SELL,0.02,0.0,OPEN,MICRO,OFF_HOURS,TRENDING,B,1.6,2.0,2.0
2026-07-22T20:38:55+00:00,9362644594,SELL,0.03,-30.0,LOSS,MICRO,OFF_HOURS,UNKNOWN,SYNC,0,0,0
2026-07-22T21:22:31+00:00,9363238746,SELL,0.07,-70.0,LOSS,SMC,OFF_HOURS,UNKNOWN,SYNC,0,0,0
2026-07-22T22:21:32+00:00,9363853981,SELL,0.03,-30.0,LOSS,MICRO,OFF_HOURS,UNKNOWN,SYNC,0,0,0
2026-07-22T22:50:39.273663+00:00,9681703442,BUY,0.01,0.0,OPEN,SMC,OFF_HOURS,RANGING,REJECT,0,57.0,50.27
2026-07-22T23:13:53.434642+00:00,9681876478,BUY,0.01,0.0,OPEN,MICRO,OFF_HOURS,RANGING,B,1.59,2.0,2.0
2026-07-22T23:56:18.266731+00:00,9682131401,BUY,0.03,0.0,OPEN,SMC,OFF_HOURS,RANGING,REJECT,0,57.0,50.27
2026-07-23T00:36:41.047076+00:00,9682435564,BUY,0.02,0.0,OPEN,MICRO,ASIA,RANGING,B,1.6,2.0,2.0
2026-07-23T01:00:21+00:00,9364503131,BUY,0.02,-19.96,LOSS,MICRO,ASIA,UNKNOWN,SYNC,0,0,0
2026-07-23T01:29:14.739908+00:00,9682941711,BUY,0.01,0.0,OPEN,SMC,ASIA,RANGING,C,2.02,57.0,28.97
2026-07-23T01:56:33.059109+00:00,9683281635,SELL,0.01,0.0,OPEN,MICRO,ASIA,RANGING,B,1.57,2.0,2.0
2026-07-23T02:47:09.805683+00:00,9683799126,BUY,0.02,0.0,OPEN,MICRO,ASIA,RANGING,B,1.59,2.0,2.0
2026-07-23T03:17:16.825292+00:00,9684077969,BUY,0.04,0.0,OPEN,SMC,ASIA,RANGING,C,2.05,62.0,28.97
2026-07-23T04:36:44+00:00,9366216028,SELL,0.01,-9.98,LOSS,SMC,ASIA,UNKNOWN,SYNC,0,0,0
2026-07-23T04:44:59+00:00,9366324365,SELL,0.02,-20.0,LOSS,MICRO,ASIA,UNKNOWN,SYNC,0,0,0
2026-07-23T05:46:52+00:00,9366950403,BUY,0.01,-9.89,LOSS,MICRO,ASIA,UNKNOWN,SYNC,0,0,0
2026-07-23T06:15:44.413318+00:00,9685852974,BUY,0.01,0.0,OPEN,SMC,ASIA,RANGING,C,2.02,57.0,28.97
2026-07-23T07:07:18.689542+00:00,9686554421,SELL,0.01,0.0,OPEN,MICRO,ASIA,RANGING,B,1.58,2.0,2.0
2026-07-23T07:32:36.903270+00:00,9687104501,SELL,0.01,0.0,OPEN,MICRO,ASIA,RANGING,B,1.58,2.0,2.0
2026-07-23T07:55:55.209316+00:00,9687650927,BUY,0.01,0.0,OPEN,MICRO,ASIA,RANGING,B,1.58,2.0,2.0
